stat_id,constituency_id,report_date,period_type,total_visits,visits_by_type,total_attendance,average_attendance_per_visit,total_grievances_collected,grievances_resolved,resolution_rate,average_sentiment_score,positive_sentiment_pct,neutral_sentiment_pct,negative_sentiment_pct,media_coverage_count,photos_collected,videos_collected,wards_covered,coverage_pct,high_priority_issues,created_at,updated_at
6d598ddf-ea0e-405a-9938-9832fa837553,PC01,2025-01-01,monthly,25,"{""public_meeting"": 14, ""house_visit"": 12, ""office_hours"": 6, ""event"": 2, ""inspection"": 3}",7901,316.04,267,196,73.41,0.37,64.88,10.32,11.59,18,364,39,6,90.29,21,2025-01-01 23:59:00,2025-01-01 23:59:00
b0fef783-8ff3-4f79-9d9d-bff22bda92fc,PC01,2025-02-01,monthly,23,"{""public_meeting"": 10, ""house_visit"": 13, ""office_hours"": 7, ""event"": 2, ""inspection"": 3}",4182,181.83,220,177,80.45,0.54,70.38,23.39,10.8,13,258,40,6,78.32,14,2025-02-01 23:59:00,2025-02-01 23:59:00
fa75bc59-5d1a-415e-9771-11d2377bc03d,PC01,2025-03-01,monthly,23,"{""public_meeting"": 8, ""house_visit"": 8, ""office_hours"": 7, ""event"": 6, ""inspection"": 3}",3911,170.04,135,103,76.3,0.75,83.77,11.53,7.95,19,245,14,5,99.91,22,2025-03-01 23:59:00,2025-03-01 23:59:00
b51cbd26-628f-4aaf-b101-ed18f6782ba2,PC01,2025-04-01,monthly,22,"{""public_meeting"": 12, ""house_visit"": 11, ""office_hours"": 7, ""event"": 6, ""inspection"": 3}",3519,159.95,125,111,88.8,0.73,78.18,15.29,11.26,10,104,15,6,74.83,16,2025-04-01 23:59:00,2025-04-01 23:59:00
5d152b85-7a8e-43f2-884f-4e973645891c,PC01,2025-05-01,monthly,40,"{""public_meeting"": 9, ""house_visit"": 17, ""office_hours"": 8, ""event"": 2, ""inspection"": 2}",5473,136.82,295,206,69.83,0.3,63.4,12.6,9.78,10,472,16,5,73.45,22,2025-05-01 23:59:00,2025-05-01 23:59:00
2d471c05-e900-4d13-b9c7-1399c4a3e209,PC01,2025-06-01,monthly,36,"{""public_meeting"": 15, ""house_visit"": 9, ""office_hours"": 6, ""event"": 2, ""inspection"": 3}",5807,161.31,260,170,65.38,0.69,64.32,17.87,12.93,11,102,16,5,85.62,24,2025-06-01 23:59:00,2025-06-01 23:59:00
d72a075a-74cb-46b5-ac28-5503225b1f36,PC01,2025-07-01,monthly,34,"{""public_meeting"": 7, ""house_visit"": 14, ""office_hours"": 7, ""event"": 5, ""inspection"": 3}",5364,157.76,255,168,65.88,0.52,68.32,10.12,10.53,14,375,10,6,94.36,21,2025-07-01 23:59:00,2025-07-01 23:59:00
142dcd2b-1555-4292-8c39-7230bb0eb227,PC01,2025-08-01,monthly,37,"{""public_meeting"": 9, ""house_visit"": 8, ""office_hours"": 4, ""event"": 4, ""inspection"": 4}",2590,70.0,147,93,63.27,0.39,72.45,16.17,8.84,10,178,20,7,75.2,12,2025-08-01 23:59:00,2025-08-01 23:59:00
ff9d64cc-caed-4c4a-b301-efaf312e7ba1,PC01,2025-09-01,monthly,30,"{""public_meeting"": 9, ""house_visit"": 20, ""office_hours"": 3, ""event"": 4, ""inspection"": 3}",9938,331.27,101,86,85.15,0.48,66.87,22.14,10.44,16,269,44,7,96.13,24,2025-09-01 23:59:00,2025-09-01 23:59:00
0bcacbf6-c741-45cd-905b-304e08825153,PC01,2025-10-01,monthly,31,"{""public_meeting"": 8, ""house_visit"": 18, ""office_hours"": 6, ""event"": 4, ""inspection"": 1}",6652,214.58,224,186,83.04,0.7,66.93,14.47,8.96,11,464,19,7,80.17,22,2025-10-01 23:59:00,2025-10-01 23:59:00
2c59a46e-6c88-4626-b2be-d43602db5173,PC01,2025-11-01,monthly,26,"{""public_meeting"": 13, ""house_visit"": 9, ""office_hours"": 8, ""event"": 2, ""inspection"": 4}",5074,195.15,85,57,67.06,0.8,75.67,11.16,7.6,13,266,14,5,93.23,17,2025-11-01 23:59:00,2025-11-01 23:59:00
84d78b2a-0e5f-421b-9b9d-d6fe3886e6a3,PC01,2025-12-01,monthly,18,"{""public_meeting"": 7, ""house_visit"": 9, ""office_hours"": 7, ""event"": 3, ""inspection"": 2}",5405,300.28,135,110,81.48,0.34,68.96,15.06,9.05,11,164,27,6,85.08,29,2025-12-01 23:59:00,2025-12-01 23:59:00
e35a87a4-bf56-472c-90f2-a202ab046159,PC02,2025-01-01,monthly,23,"{""public_meeting"": 10, ""house_visit"": 14, ""office_hours"": 5, ""event"": 6, ""inspection"": 2}",4405,191.52,265,169,63.77,0.34,77.65,11.6,5.93,16,211,20,5,84.46,29,2025-01-01 23:59:00,2025-01-01 23:59:00
e859e0ec-9c09-4e5b-88c4-8138a081aac0,PC02,2025-02-01,monthly,15,"{""public_meeting"": 10, ""house_visit"": 9, ""office_hours"": 6, ""event"": 3, ""inspection"": 3}",9323,621.53,255,187,73.33,0.79,63.66,20.56,12.04,5,275,48,7,82.26,27,2025-02-01 23:59:00,2025-02-01 23:59:00
8bddccd7-c577-4d86-80d8-4c597564d2bf,PC02,2025-03-01,monthly,29,"{""public_meeting"": 14, ""house_visit"": 13, ""office_hours"": 4, ""event"": 3, ""inspection"": 3}",3692,127.31,219,188,85.84,0.42,60.37,19.49,5.63,20,467,15,6,76.46,30,2025-03-01 23:59:00,2025-03-01 23:59:00
36704105-1eb3-4874-af86-a47804cfb20e,PC02,2025-04-01,monthly,23,"{""public_meeting"": 9, ""house_visit"": 19, ""office_hours"": 7, ""event"": 6, ""inspection"": 2}",6454,280.61,217,164,75.58,0.8,65.01,19.56,8.67,15,428,45,5,93.48,23,2025-04-01 23:59:00,2025-04-01 23:59:00
2765d931-7325-4f06-84c0-af66e2e2cfdb,PC02,2025-05-01,monthly,32,"{""public_meeting"": 11, ""house_visit"": 12, ""office_hours"": 6, ""event"": 3, ""inspection"": 4}",8846,276.44,110,69,62.73,0.68,66.36,15.18,6.93,8,380,50,7,84.24,23,2025-05-01 23:59:00,2025-05-01 23:59:00
05593705-267e-44e9-b33a-f9a194820526,PC02,2025-06-01,monthly,39,"{""public_meeting"": 10, ""house_visit"": 15, ""office_hours"": 7, ""event"": 3, ""inspection"": 4}",2429,62.28,262,230,87.79,0.31,78.89,24.96,9.43,9,487,32,6,74.17,13,2025-06-01 23:59:00,2025-06-01 23:59:00
03e4abd2-0a78-4c0b-863c-e226d0e0a4b1,PC02,2025-07-01,monthly,32,"{""public_meeting"": 14, ""house_visit"": 16, ""office_hours"": 5, ""event"": 2, ""inspection"": 4}",6525,203.91,284,199,70.07,0.35,64.12,22.74,11.94,13,333,30,7,89.77,10,2025-07-01 23:59:00,2025-07-01 23:59:00
77cb2240-1824-487b-9983-d6c9354fb25b,PC02,2025-08-01,monthly,23,"{""public_meeting"": 5, ""house_visit"": 18, ""office_hours"": 3, ""event"": 2, ""inspection"": 2}",6819,296.48,229,185,80.79,0.54,76.81,20.14,12.55,6,351,20,7,81.6,18,2025-08-01 23:59:00,2025-08-01 23:59:00
90a7a2af-f9e3-4b4b-b7b7-f51f4b95283f,PC02,2025-09-01,monthly,33,"{""public_meeting"": 6, ""house_visit"": 12, ""office_hours"": 5, ""event"": 5, ""inspection"": 3}",7068,214.18,74,48,64.86,0.77,67.77,17.03,8.34,12,156,16,6,96.2,29,2025-09-01 23:59:00,2025-09-01 23:59:00
d8b85ac0-2664-4200-90dc-a0aba002bf06,PC02,2025-10-01,monthly,38,"{""public_meeting"": 13, ""house_visit"": 20, ""office_hours"": 3, ""event"": 5, ""inspection"": 2}",3572,94.0,275,220,80.0,0.35,76.47,15.38,10.78,7,206,48,6,83.73,18,2025-10-01 23:59:00,2025-10-01 23:59:00
6e633765-efe0-473d-8c8a-97eddb1058c0,PC02,2025-11-01,monthly,27,"{""public_meeting"": 7, ""house_visit"": 13, ""office_hours"": 5, ""event"": 6, ""inspection"": 3}",7559,279.96,299,208,69.57,0.79,81.92,18.25,6.24,17,484,44,7,94.18,26,2025-11-01 23:59:00,2025-11-01 23:59:00
6954037a-0c88-4538-9ebc-138a1728c54b,PC02,2025-12-01,monthly,32,"{""public_meeting"": 9, ""house_visit"": 10, ""office_hours"": 6, ""event"": 4, ""inspection"": 4}",9006,281.44,92,60,65.22,0.76,71.96,18.34,10.32,15,430,19,6,96.05,18,2025-12-01 23:59:00,2025-12-01 23:59:00
68f2dd39-a5ab-4889-adc4-fcffdb695d80,PC03,2025-01-01,monthly,26,"{""public_meeting"": 12, ""house_visit"": 10, ""office_hours"": 5, ""event"": 3, ""inspection"": 4}",9117,350.65,63,42,66.67,0.64,64.77,12.82,14.34,17,117,43,6,89.13,29,2025-01-01 23:59:00,2025-01-01 23:59:00
2760613a-402c-401e-8963-87215dc61006,PC03,2025-02-01,monthly,40,"{""public_meeting"": 13, ""house_visit"": 15, ""office_hours"": 6, ""event"": 5, ""inspection"": 3}",8765,219.12,105,71,67.62,0.54,78.8,10.97,10.77,14,357,25,5,98.45,29,2025-02-01 23:59:00,2025-02-01 23:59:00
5942a9b6-dd88-4e68-ba4c-a5c584207dc7,PC03,2025-03-01,monthly,37,"{""public_meeting"": 9, ""house_visit"": 16, ""office_hours"": 4, ""event"": 6, ""inspection"": 1}",7463,201.7,251,160,63.75,0.73,81.93,11.21,7.88,19,347,34,5,96.16,18,2025-03-01 23:59:00,2025-03-01 23:59:00
7bc6f74b-7e07-4d79-b5ea-f52ee8cb40bc,PC03,2025-04-01,monthly,22,"{""public_meeting"": 10, ""house_visit"": 10, ""office_hours"": 7, ""event"": 6, ""inspection"": 4}",4824,219.27,106,87,82.08,0.57,76.91,15.65,14.28,10,457,49,6,80.03,16,2025-04-01 23:59:00,2025-04-01 23:59:00
382af370-ddea-4a53-b80b-10c584b43ab6,PC03,2025-05-01,monthly,34,"{""public_meeting"": 8, ""house_visit"": 20, ""office_hours"": 5, ""event"": 4, ""inspection"": 2}",4554,133.94,145,111,76.55,0.32,61.44,13.97,14.51,18,164,25,5,77.99,15,2025-05-01 23:59:00,2025-05-01 23:59:00
336e63f1-2eb9-435b-9efa-5cce6f493e11,PC03,2025-06-01,monthly,30,"{""public_meeting"": 7, ""house_visit"": 20, ""office_hours"": 4, ""event"": 3, ""inspection"": 1}",3060,102.0,66,51,77.27,0.5,80.5,22.56,6.48,12,192,15,6,89.15,27,2025-06-01 23:59:00,2025-06-01 23:59:00
b34a4e38-3581-4f4a-ad90-b55a7a9ee17b,PC03,2025-07-01,monthly,26,"{""public_meeting"": 15, ""house_visit"": 20, ""office_hours"": 7, ""event"": 2, ""inspection"": 3}",9581,368.5,73,60,82.19,0.52,64.04,19.57,10.7,11,351,13,6,97.01,19,2025-07-01 23:59:00,2025-07-01 23:59:00
3207d911-7af6-4682-9b76-8ac78206b514,PC03,2025-08-01,monthly,21,"{""public_meeting"": 12, ""house_visit"": 18, ""office_hours"": 5, ""event"": 5, ""inspection"": 3}",6705,319.29,90,60,66.67,0.55,73.89,19.25,10.56,9,180,15,7,70.36,21,2025-08-01 23:59:00,2025-08-01 23:59:00
54aa81a0-e605-4a64-9d4f-4072741062cf,PC03,2025-09-01,monthly,33,"{""public_meeting"": 14, ""house_visit"": 8, ""office_hours"": 4, ""event"": 4, ""inspection"": 4}",7157,216.88,128,104,81.25,0.38,68.59,19.85,7.59,7,196,45,7,97.92,30,2025-09-01 23:59:00,2025-09-01 23:59:00
7d4a8e7e-5b84-487a-a081-b59e2df8326d,PC03,2025-10-01,monthly,28,"{""public_meeting"": 10, ""house_visit"": 13, ""office_hours"": 8, ""event"": 6, ""inspection"": 1}",8850,316.07,113,86,76.11,0.78,73.82,13.51,14.34,7,376,39,5,92.46,12,2025-10-01 23:59:00,2025-10-01 23:59:00
0a88aba1-2819-49ef-8a1a-1e502453fd12,PC03,2025-11-01,monthly,19,"{""public_meeting"": 10, ""house_visit"": 14, ""office_hours"": 6, ""event"": 3, ""inspection"": 1}",5963,313.84,274,177,64.6,0.49,64.62,11.66,12.19,10,360,15,6,79.5,23,2025-11-01 23:59:00,2025-11-01 23:59:00
a4f9e32a-9f06-4d45-9586-714aa7638310,PC03,2025-12-01,monthly,40,"{""public_meeting"": 10, ""house_visit"": 10, ""office_hours"": 4, ""event"": 4, ""inspection"": 2}",9129,228.22,212,142,66.98,0.62,84.6,14.33,10.5,12,138,36,6,80.12,16,2025-12-01 23:59:00,2025-12-01 23:59:00
98b594e0-5310-4d78-a958-3d8e4db91bb1,PC04,2025-01-01,monthly,27,"{""public_meeting"": 7, ""house_visit"": 19, ""office_hours"": 3, ""event"": 5, ""inspection"": 3}",2632,97.48,66,52,78.79,0.4,83.96,10.77,14.63,6,438,21,7,82.4,23,2025-01-01 23:59:00,2025-01-01 23:59:00
b488eee6-3bf5-4bd6-b65b-530186340aa7,PC04,2025-02-01,monthly,31,"{""public_meeting"": 14, ""house_visit"": 18, ""office_hours"": 3, ""event"": 2, ""inspection"": 4}",3769,121.58,141,89,63.12,0.68,78.94,13.32,11.16,9,220,42,5,96.66,27,2025-02-01 23:59:00,2025-02-01 23:59:00
13da350a-81e5-4999-b5a0-ccc0bb3bf52f,PC04,2025-03-01,monthly,31,"{""public_meeting"": 6, ""house_visit"": 14, ""office_hours"": 8, ""event"": 5, ""inspection"": 2}",4391,141.65,85,53,62.35,0.34,64.88,11.07,10.59,14,493,11,7,72.34,16,2025-03-01 23:59:00,2025-03-01 23:59:00
92f3949d-55e4-470d-8a03-8f4745c2f461,PC04,2025-04-01,monthly,19,"{""public_meeting"": 11, ""house_visit"": 17, ""office_hours"": 4, ""event"": 4, ""inspection"": 2}",2286,120.32,293,194,66.21,0.8,65.68,15.53,12.2,8,310,44,5,83.31,13,2025-04-01 23:59:00,2025-04-01 23:59:00
336df17f-6ce0-4dae-a852-880a19e00d15,PC04,2025-05-01,monthly,34,"{""public_meeting"": 10, ""house_visit"": 12, ""office_hours"": 5, ""event"": 4, ""inspection"": 2}",9930,292.06,298,267,89.6,0.55,73.1,16.39,12.67,19,357,31,6,75.32,26,2025-05-01 23:59:00,2025-05-01 23:59:00
a18ebbec-9cfe-442e-b2f4-556d29ef6ec8,PC04,2025-06-01,monthly,27,"{""public_meeting"": 5, ""house_visit"": 15, ""office_hours"": 3, ""event"": 4, ""inspection"": 3}",8024,297.19,150,129,86.0,0.38,68.48,22.05,5.17,10,304,18,6,97.73,14,2025-06-01 23:59:00,2025-06-01 23:59:00
44538a4d-b8d2-4cff-aa87-d34f6b38bab4,PC04,2025-07-01,monthly,31,"{""public_meeting"": 11, ""house_visit"": 19, ""office_hours"": 4, ""event"": 3, ""inspection"": 2}",6772,218.45,285,171,60.0,0.68,77.44,16.63,11.13,13,188,39,5,92.85,21,2025-07-01 23:59:00,2025-07-01 23:59:00
ef78c073-616c-474a-b717-488dd8e56b38,PC04,2025-08-01,monthly,17,"{""public_meeting"": 15, ""house_visit"": 13, ""office_hours"": 8, ""event"": 3, ""inspection"": 4}",2214,130.24,272,240,88.24,0.36,78.27,24.41,5.86,10,450,35,6,81.75,27,2025-08-01 23:59:00,2025-08-01 23:59:00
089ae06b-231f-4045-bd8c-7ea8843a8ad5,PC04,2025-09-01,monthly,16,"{""public_meeting"": 11, ""house_visit"": 13, ""office_hours"": 4, ""event"": 5, ""inspection"": 3}",5211,325.69,68,61,89.71,0.52,60.33,14.41,8.54,12,253,10,7,73.11,23,2025-09-01 23:59:00,2025-09-01 23:59:00
65c5471f-ebd9-4b5c-bc57-ff529a0efad9,PC04,2025-10-01,monthly,36,"{""public_meeting"": 10, ""house_visit"": 19, ""office_hours"": 4, ""event"": 2, ""inspection"": 1}",7133,198.14,170,126,74.12,0.55,83.6,15.48,11.96,11,453,17,6,96.01,11,2025-10-01 23:59:00,2025-10-01 23:59:00
5c489a56-b69d-4a26-bf21-a8eef3368ecf,PC04,2025-11-01,monthly,21,"{""public_meeting"": 10, ""house_visit"": 19, ""office_hours"": 5, ""event"": 3, ""inspection"": 4}",3627,172.71,257,178,69.26,0.75,84.34,23.78,10.33,14,354,18,6,95.87,19,2025-11-01 23:59:00,2025-11-01 23:59:00
f0ec2b19-1095-47a7-a4d8-2ccdd5f4d4e7,PC04,2025-12-01,monthly,34,"{""public_meeting"": 5, ""house_visit"": 18, ""office_hours"": 4, ""event"": 2, ""inspection"": 3}",4109,120.85,114,96,84.21,0.6,78.47,13.93,10.92,16,349,18,7,83.22,11,2025-12-01 23:59:00,2025-12-01 23:59:00
95942f00-3b89-4145-831e-197b09376a58,PC05,2025-01-01,monthly,18,"{""public_meeting"": 13, ""house_visit"": 12, ""office_hours"": 5, ""event"": 6, ""inspection"": 3}",8149,452.72,201,123,61.19,0.69,74.49,16.94,6.24,11,184,20,7,89.14,12,2025-01-01 23:59:00,2025-01-01 23:59:00
918bad17-2c82-4f4c-80ff-0e59e2ef9278,PC05,2025-02-01,monthly,20,"{""public_meeting"": 11, ""house_visit"": 9, ""office_hours"": 6, ""event"": 6, ""inspection"": 1}",9754,487.7,246,160,65.04,0.45,64.41,21.64,14.44,14,195,46,5,98.19,23,2025-02-01 23:59:00,2025-02-01 23:59:00
47c3dadc-93ba-41f4-9c82-16f508b38a35,PC05,2025-03-01,monthly,27,"{""public_meeting"": 13, ""house_visit"": 8, ""office_hours"": 8, ""event"": 3, ""inspection"": 4}",9060,335.56,168,133,79.17,0.77,81.93,14.93,14.23,9,212,46,7,99.81,15,2025-03-01 23:59:00,2025-03-01 23:59:00
cf80c49e-b5f1-4fd4-b832-554b6ff0bcef,PC05,2025-04-01,monthly,28,"{""public_meeting"": 12, ""house_visit"": 17, ""office_hours"": 5, ""event"": 3, ""inspection"": 4}",2362,84.36,164,137,83.54,0.8,60.46,23.78,14.25,6,380,40,5,94.35,29,2025-04-01 23:59:00,2025-04-01 23:59:00
d7623948-aba3-4cbc-8bbb-c53810fdeb7a,PC05,2025-05-01,monthly,34,"{""public_meeting"": 12, ""house_visit"": 13, ""office_hours"": 5, ""event"": 6, ""inspection"": 1}",7824,230.12,257,159,61.87,0.38,81.06,15.64,12.28,16,300,42,7,72.15,12,2025-05-01 23:59:00,2025-05-01 23:59:00
a8248f11-9c93-4e5b-9719-989e4a311ee0,PC05,2025-06-01,monthly,38,"{""public_meeting"": 6, ""house_visit"": 18, ""office_hours"": 7, ""event"": 5, ""inspection"": 1}",2399,63.13,85,63,74.12,0.43,66.69,16.33,13.91,11,290,31,7,75.44,14,2025-06-01 23:59:00,2025-06-01 23:59:00
2c82ef8d-b3ce-40ec-81f7-0c7dcb127c9e,PC05,2025-07-01,monthly,20,"{""public_meeting"": 10, ""house_visit"": 15, ""office_hours"": 8, ""event"": 3, ""inspection"": 2}",7274,363.7,247,181,73.28,0.36,72.16,14.86,9.39,11,254,31,7,82.93,15,2025-07-01 23:59:00,2025-07-01 23:59:00
be0b8d53-5c06-4b62-a55c-1d247e994103,PC05,2025-08-01,monthly,34,"{""public_meeting"": 9, ""house_visit"": 9, ""office_hours"": 3, ""event"": 5, ""inspection"": 1}",4309,126.74,121,86,71.07,0.36,61.29,12.38,13.1,16,299,32,6,93.31,19,2025-08-01 23:59:00,2025-08-01 23:59:00
5297ca35-41c1-4340-8d14-01075b79287d,PC05,2025-09-01,monthly,38,"{""public_meeting"": 5, ""house_visit"": 10, ""office_hours"": 7, ""event"": 5, ""inspection"": 2}",7829,206.03,256,199,77.73,0.65,69.67,13.22,12.59,8,206,28,7,99.01,18,2025-09-01 23:59:00,2025-09-01 23:59:00
39e0f39e-da26-40a7-9a8d-c03be0e8a8ea,PC05,2025-10-01,monthly,30,"{""public_meeting"": 14, ""house_visit"": 11, ""office_hours"": 5, ""event"": 5, ""inspection"": 3}",3381,112.7,269,230,85.5,0.36,64.37,13.16,10.12,5,357,47,5,70.58,27,2025-10-01 23:59:00,2025-10-01 23:59:00
261c6167-9bf3-4618-892f-92a872e38f97,PC05,2025-11-01,monthly,17,"{""public_meeting"": 11, ""house_visit"": 20, ""office_hours"": 8, ""event"": 3, ""inspection"": 3}",3248,191.06,132,113,85.61,0.5,61.18,12.07,13.92,19,330,19,7,77.83,25,2025-11-01 23:59:00,2025-11-01 23:59:00
91802284-0ad9-4b08-9467-c18626fb1699,PC05,2025-12-01,monthly,15,"{""public_meeting"": 5, ""house_visit"": 20, ""office_hours"": 6, ""event"": 2, ""inspection"": 1}",5972,398.13,188,146,77.66,0.33,71.76,12.71,10.66,5,241,27,6,79.71,13,2025-12-01 23:59:00,2025-12-01 23:59:00
3a428520-5432-4343-865d-fd49a22aeb27,PC06,2025-01-01,monthly,36,"{""public_meeting"": 9, ""house_visit"": 8, ""office_hours"": 4, ""event"": 6, ""inspection"": 2}",2124,59.0,160,113,70.62,0.58,62.44,22.92,9.89,10,369,10,6,88.49,19,2025-01-01 23:59:00,2025-01-01 23:59:00
850a4d5a-614d-4a7c-8c7d-82a3d5b41a03,PC06,2025-02-01,monthly,26,"{""public_meeting"": 7, ""house_visit"": 16, ""office_hours"": 8, ""event"": 4, ""inspection"": 4}",4731,181.96,233,180,77.25,0.79,75.08,14.0,12.07,8,381,46,6,79.91,29,2025-02-01 23:59:00,2025-02-01 23:59:00
90b89e77-f1f2-469c-9c19-0f1d05da2bbb,PC06,2025-03-01,monthly,20,"{""public_meeting"": 11, ""house_visit"": 15, ""office_hours"": 4, ""event"": 6, ""inspection"": 3}",3455,172.75,71,57,80.28,0.35,73.95,15.09,6.69,19,401,39,5,71.96,15,2025-03-01 23:59:00,2025-03-01 23:59:00
00b5b096-d060-4c89-9c20-1a4c3175979a,PC06,2025-04-01,monthly,31,"{""public_meeting"": 9, ""house_visit"": 10, ""office_hours"": 5, ""event"": 3, ""inspection"": 2}",6454,208.19,59,36,61.02,0.61,79.99,20.14,10.51,7,221,41,5,99.91,30,2025-04-01 23:59:00,2025-04-01 23:59:00
9b6f584a-b98a-496e-bdf3-61fc40763f14,PC06,2025-05-01,monthly,38,"{""public_meeting"": 9, ""house_visit"": 16, ""office_hours"": 3, ""event"": 3, ""inspection"": 4}",7317,192.55,50,38,76.0,0.69,71.91,12.3,7.74,20,160,34,6,91.29,27,2025-05-01 23:59:00,2025-05-01 23:59:00
862b8737-af1b-4ae5-ac9d-b1a286308021,PC06,2025-06-01,monthly,31,"{""public_meeting"": 8, ""house_visit"": 16, ""office_hours"": 3, ""event"": 5, ""inspection"": 4}",3194,103.03,69,53,76.81,0.33,84.86,10.25,10.68,20,165,26,6,97.29,30,2025-06-01 23:59:00,2025-06-01 23:59:00
75d50d99-f9f0-4741-851d-abe3279dfd99,PC06,2025-07-01,monthly,28,"{""public_meeting"": 15, ""house_visit"": 16, ""office_hours"": 5, ""event"": 5, ""inspection"": 3}",7882,281.5,223,169,75.78,0.33,80.14,17.0,8.81,17,369,11,5,92.88,19,2025-07-01 23:59:00,2025-07-01 23:59:00
3a025412-6999-4e77-8e54-606eb66a80c9,PC06,2025-08-01,monthly,22,"{""public_meeting"": 10, ""house_visit"": 19, ""office_hours"": 5, ""event"": 5, ""inspection"": 2}",9765,443.86,281,174,61.92,0.41,63.57,15.7,13.74,12,232,23,5,86.3,19,2025-08-01 23:59:00,2025-08-01 23:59:00
7508937c-b1e6-4ce0-a56c-e198f652169f,PC06,2025-09-01,monthly,17,"{""public_meeting"": 5, ""house_visit"": 15, ""office_hours"": 8, ""event"": 3, ""inspection"": 3}",3511,206.53,65,43,66.15,0.48,66.08,20.12,7.63,14,440,36,7,80.52,11,2025-09-01 23:59:00,2025-09-01 23:59:00
196fdde3-5ea1-4a53-817a-ba4784d9bd7b,PC06,2025-10-01,monthly,25,"{""public_meeting"": 5, ""house_visit"": 20, ""office_hours"": 6, ""event"": 6, ""inspection"": 3}",2349,93.96,53,38,71.7,0.41,82.8,12.94,13.88,10,158,50,5,81.1,24,2025-10-01 23:59:00,2025-10-01 23:59:00
8b121eaa-146f-4c32-9efd-21e76f16b513,PC06,2025-11-01,monthly,19,"{""public_meeting"": 7, ""house_visit"": 13, ""office_hours"": 7, ""event"": 6, ""inspection"": 4}",5834,307.05,61,50,81.97,0.66,74.53,20.94,11.26,19,378,47,7,88.46,15,2025-11-01 23:59:00,2025-11-01 23:59:00
b36e8e42-17bb-4d67-be5d-02c17fc9247d,PC06,2025-12-01,monthly,20,"{""public_meeting"": 6, ""house_visit"": 17, ""office_hours"": 4, ""event"": 6, ""inspection"": 2}",7003,350.15,78,60,76.92,0.43,63.35,17.44,9.54,9,279,31,5,92.27,12,2025-12-01 23:59:00,2025-12-01 23:59:00
06d9e581-abad-4f3b-98ad-e820de8cb014,PC07,2025-01-01,monthly,16,"{""public_meeting"": 13, ""house_visit"": 13, ""office_hours"": 7, ""event"": 5, ""inspection"": 1}",6853,428.31,293,252,86.01,0.46,68.52,16.45,12.92,9,278,23,5,81.17,29,2025-01-01 23:59:00,2025-01-01 23:59:00
dd17a8ce-f974-4fd6-bbc2-3d0d6afe7bc8,PC07,2025-02-01,monthly,37,"{""public_meeting"": 15, ""house_visit"": 17, ""office_hours"": 8, ""event"": 6, ""inspection"": 1}",9333,252.24,115,99,86.09,0.6,79.78,15.99,6.21,16,328,39,5,80.22,12,2025-02-01 23:59:00,2025-02-01 23:59:00
d9b32914-ccf1-4d06-b8fe-c380eec01dc6,PC07,2025-03-01,monthly,20,"{""public_meeting"": 8, ""house_visit"": 17, ""office_hours"": 5, ""event"": 4, ""inspection"": 3}",7271,363.55,215,162,75.35,0.4,71.42,15.54,13.71,18,492,32,5,81.37,25,2025-03-01 23:59:00,2025-03-01 23:59:00
0ebd5af7-bebf-4520-b0ca-792f07071226,PC07,2025-04-01,monthly,34,"{""public_meeting"": 8, ""house_visit"": 14, ""office_hours"": 7, ""event"": 5, ""inspection"": 3}",2142,63.0,98,58,59.18,0.67,73.73,23.68,11.75,8,289,34,6,74.45,20,2025-04-01 23:59:00,2025-04-01 23:59:00
95c52e46-a554-4dc3-a483-e670d924c5fc,PC07,2025-05-01,monthly,25,"{""public_meeting"": 7, ""house_visit"": 13, ""office_hours"": 4, ""event"": 2, ""inspection"": 2}",8141,325.64,114,74,64.91,0.71,79.72,24.41,10.25,13,394,29,5,84.63,18,2025-05-01 23:59:00,2025-05-01 23:59:00
00ba91f7-bca5-4946-a886-75b63254b82b,PC07,2025-06-01,monthly,30,"{""public_meeting"": 15, ""house_visit"": 8, ""office_hours"": 7, ""event"": 5, ""inspection"": 2}",8748,291.6,103,71,68.93,0.69,67.11,12.71,13.84,11,343,25,7,91.95,19,2025-06-01 23:59:00,2025-06-01 23:59:00
b4dbb30e-c618-4224-a9e8-7b3d7ef01c95,PC07,2025-07-01,monthly,25,"{""public_meeting"": 13, ""house_visit"": 11, ""office_hours"": 8, ""event"": 2, ""inspection"": 2}",3262,130.48,84,75,89.29,0.63,75.6,14.63,8.21,7,177,42,6,72.71,15,2025-07-01 23:59:00,2025-07-01 23:59:00
6fdcdee5-c48b-4276-b7cf-55cdb2ec2451,PC07,2025-08-01,monthly,17,"{""public_meeting"": 6, ""house_visit"": 18, ""office_hours"": 6, ""event"": 6, ""inspection"": 2}",2519,148.18,116,94,81.03,0.51,60.64,22.07,11.46,11,124,48,5,95.08,30,2025-08-01 23:59:00,2025-08-01 23:59:00
aef48ab1-21a6-4f8f-a176-213fe8b040c9,PC07,2025-09-01,monthly,15,"{""public_meeting"": 9, ""house_visit"": 19, ""office_hours"": 5, ""event"": 4, ""inspection"": 1}",9639,642.6,151,96,63.58,0.6,71.27,16.32,8.54,5,445,20,7,97.51,29,2025-09-01 23:59:00,2025-09-01 23:59:00
fe46e501-7332-4970-b5e7-f5165cc8d36f,PC07,2025-10-01,monthly,26,"{""public_meeting"": 6, ""house_visit"": 14, ""office_hours"": 5, ""event"": 4, ""inspection"": 3}",7754,298.23,61,40,65.57,0.8,79.93,24.1,5.32,8,355,27,6,76.99,28,2025-10-01 23:59:00,2025-10-01 23:59:00
8964f1c0-97fe-4fd2-90e0-ecea8d24b61a,PC07,2025-11-01,monthly,29,"{""public_meeting"": 8, ""house_visit"": 15, ""office_hours"": 3, ""event"": 2, ""inspection"": 2}",6892,237.66,76,45,59.21,0.41,77.31,25.0,13.22,6,308,26,7,93.71,11,2025-11-01 23:59:00,2025-11-01 23:59:00
b4abe166-dddf-4a1f-a0ae-f6f1a859a955,PC07,2025-12-01,monthly,20,"{""public_meeting"": 14, ""house_visit"": 19, ""office_hours"": 5, ""event"": 6, ""inspection"": 4}",2359,117.95,200,160,80.0,0.54,63.27,14.89,11.08,12,304,21,7,84.18,21,2025-12-01 23:59:00,2025-12-01 23:59:00
6d1b3775-5719-4b30-b70c-d814bcf9192d,PC08,2025-01-01,monthly,16,"{""public_meeting"": 6, ""house_visit"": 12, ""office_hours"": 4, ""event"": 2, ""inspection"": 4}",8803,550.19,77,64,83.12,0.73,67.98,18.26,13.53,11,162,10,5,77.0,24,2025-01-01 23:59:00,2025-01-01 23:59:00
20b78e54-216c-4a2c-a7f5-759670358b0f,PC08,2025-02-01,monthly,23,"{""public_meeting"": 15, ""house_visit"": 14, ""office_hours"": 5, ""event"": 2, ""inspection"": 4}",3901,169.61,76,46,60.53,0.51,64.87,16.5,11.34,15,355,24,6,89.07,15,2025-02-01 23:59:00,2025-02-01 23:59:00
9a22d757-c541-4b10-90cf-2d9f531d8986,PC08,2025-03-01,monthly,20,"{""public_meeting"": 9, ""house_visit"": 10, ""office_hours"": 3, ""event"": 6, ""inspection"": 1}",3426,171.3,244,167,68.44,0.67,71.68,22.36,7.84,12,142,16,7,77.53,14,2025-03-01 23:59:00,2025-03-01 23:59:00
ed80c992-e3ac-4625-88af-471e8cdc92c6,PC08,2025-04-01,monthly,17,"{""public_meeting"": 10, ""house_visit"": 12, ""office_hours"": 3, ""event"": 4, ""inspection"": 1}",7057,415.12,165,116,70.3,0.8,77.78,18.65,9.69,16,409,17,5,86.13,23,2025-04-01 23:59:00,2025-04-01 23:59:00
58001ce1-b9c8-4b24-b5ef-af9956b97536,PC08,2025-05-01,monthly,20,"{""public_meeting"": 6, ""house_visit"": 9, ""office_hours"": 7, ""event"": 4, ""inspection"": 2}",3298,164.9,55,44,80.0,0.3,84.89,22.09,13.13,5,246,36,7,77.06,15,2025-05-01 23:59:00,2025-05-01 23:59:00
8d533f3e-26db-49ab-a813-64ba176dfca1,PC08,2025-06-01,monthly,29,"{""public_meeting"": 13, ""house_visit"": 13, ""office_hours"": 5, ""event"": 2, ""inspection"": 3}",5491,189.34,249,215,86.35,0.41,71.62,12.9,8.95,17,236,23,6,81.15,25,2025-06-01 23:59:00,2025-06-01 23:59:00
9db31b73-59cc-4efe-bd41-882d9cfe8dd9,PC08,2025-07-01,monthly,32,"{""public_meeting"": 9, ""house_visit"": 8, ""office_hours"": 6, ""event"": 2, ""inspection"": 4}",2809,87.78,262,158,60.31,0.51,69.13,11.12,9.49,19,220,29,5,90.36,15,2025-07-01 23:59:00,2025-07-01 23:59:00
bf3b55ca-29a8-40bf-994a-456784807879,PC08,2025-08-01,monthly,37,"{""public_meeting"": 5, ""house_visit"": 15, ""office_hours"": 5, ""event"": 4, ""inspection"": 1}",9607,259.65,249,160,64.26,0.38,69.59,12.16,13.44,11,213,33,7,77.42,12,2025-08-01 23:59:00,2025-08-01 23:59:00
60a7ca11-9e87-4db9-8dfc-3f11362e5691,PC08,2025-09-01,monthly,39,"{""public_meeting"": 10, ""house_visit"": 9, ""office_hours"": 4, ""event"": 2, ""inspection"": 1}",6014,154.21,73,60,82.19,0.77,71.49,15.2,6.46,14,233,43,7,99.4,21,2025-09-01 23:59:00,2025-09-01 23:59:00
9020e811-6155-4ed6-b1d3-d4992d6699fa,PC08,2025-10-01,monthly,33,"{""public_meeting"": 13, ""house_visit"": 10, ""office_hours"": 4, ""event"": 3, ""inspection"": 4}",2733,82.82,231,168,72.73,0.41,62.53,14.36,14.6,10,177,14,6,90.42,22,2025-10-01 23:59:00,2025-10-01 23:59:00
ff96bcd4-4f7f-418f-9634-63d340579af4,PC08,2025-11-01,monthly,28,"{""public_meeting"": 12, ""house_visit"": 8, ""office_hours"": 7, ""event"": 2, ""inspection"": 3}",7524,268.71,81,61,75.31,0.69,69.83,23.9,6.65,7,443,45,5,98.9,18,2025-11-01 23:59:00,2025-11-01 23:59:00
35746907-dc74-4934-94b4-84988b8690e4,PC08,2025-12-01,monthly,21,"{""public_meeting"": 13, ""house_visit"": 19, ""office_hours"": 4, ""event"": 2, ""inspection"": 3}",9052,431.05,96,73,76.04,0.55,76.51,13.87,8.38,9,125,18,6,96.99,24,2025-12-01 23:59:00,2025-12-01 23:59:00
f5bfca8b-a40f-4cab-a2b1-afad4ffcc847,PC09,2025-01-01,monthly,31,"{""public_meeting"": 10, ""house_visit"": 9, ""office_hours"": 8, ""event"": 5, ""inspection"": 2}",4754,153.35,231,170,73.59,0.74,69.32,24.1,5.23,13,479,22,5,97.84,16,2025-01-01 23:59:00,2025-01-01 23:59:00
c2441358-fb11-48d1-a3db-9b2094b1c979,PC09,2025-02-01,monthly,16,"{""public_meeting"": 8, ""house_visit"": 14, ""office_hours"": 3, ""event"": 3, ""inspection"": 3}",7492,468.25,147,95,64.63,0.55,74.0,10.75,7.5,6,423,45,5,90.15,12,2025-02-01 23:59:00,2025-02-01 23:59:00
2282d1fc-841a-4ada-806e-ce5d6f900e35,PC09,2025-03-01,monthly,38,"{""public_meeting"": 14, ""house_visit"": 8, ""office_hours"": 8, ""event"": 2, ""inspection"": 2}",9744,256.42,278,241,86.69,0.59,66.85,18.88,12.3,5,402,26,6,88.54,29,2025-03-01 23:59:00,2025-03-01 23:59:00
a7771e7f-ff1b-48c3-9f0e-3e4d2d27eeab,PC09,2025-04-01,monthly,17,"{""public_meeting"": 15, ""house_visit"": 14, ""office_hours"": 8, ""event"": 6, ""inspection"": 3}",4712,277.18,228,144,63.16,0.36,61.43,17.59,8.21,15,357,20,7,79.61,26,2025-04-01 23:59:00,2025-04-01 23:59:00
1a63b191-9e11-4a2e-82f6-3ae9dfa810f6,PC09,2025-05-01,monthly,21,"{""public_meeting"": 12, ""house_visit"": 10, ""office_hours"": 4, ""event"": 6, ""inspection"": 3}",9774,465.43,92,64,69.57,0.43,75.56,11.15,12.17,20,419,35,6,84.61,16,2025-05-01 23:59:00,2025-05-01 23:59:00
9b22343d-9d98-4b15-a5a9-6392468010a5,PC09,2025-06-01,monthly,36,"{""public_meeting"": 7, ""house_visit"": 17, ""office_hours"": 4, ""event"": 3, ""inspection"": 4}",7225,200.69,116,92,79.31,0.4,66.0,16.73,11.92,12,247,13,5,95.47,24,2025-06-01 23:59:00,2025-06-01 23:59:00
eddb119b-19e1-4305-b3c9-b0ea63b1353c,PC09,2025-07-01,monthly,21,"{""public_meeting"": 10, ""house_visit"": 8, ""office_hours"": 4, ""event"": 2, ""inspection"": 1}",5675,270.24,196,144,73.47,0.57,61.44,10.8,9.97,20,110,41,7,80.64,20,2025-07-01 23:59:00,2025-07-01 23:59:00
bb4ece49-4085-487f-b73f-df868ff9a219,PC09,2025-08-01,monthly,36,"{""public_meeting"": 5, ""house_visit"": 14, ""office_hours"": 4, ""event"": 5, ""inspection"": 2}",8810,244.72,145,94,64.83,0.37,60.36,15.44,14.74,16,381,26,7,89.12,11,2025-08-01 23:59:00,2025-08-01 23:59:00
71216781-21f8-419e-bf94-6e47ee247f3f,PC09,2025-09-01,monthly,22,"{""public_meeting"": 13, ""house_visit"": 13, ""office_hours"": 7, ""event"": 4, ""inspection"": 3}",7888,358.55,240,155,64.58,0.38,74.85,15.61,10.22,19,148,34,5,85.51,22,2025-09-01 23:59:00,2025-09-01 23:59:00
5f36a972-d031-444c-a54a-8f05dfd6e6b4,PC09,2025-10-01,monthly,15,"{""public_meeting"": 14, ""house_visit"": 8, ""office_hours"": 6, ""event"": 5, ""inspection"": 3}",9551,636.73,103,82,79.61,0.45,71.79,23.13,14.65,20,148,21,6,90.94,16,2025-10-01 23:59:00,2025-10-01 23:59:00
e5bdd7f8-be9e-4d14-951c-3db05dbf35bd,PC09,2025-11-01,monthly,15,"{""public_meeting"": 10, ""house_visit"": 13, ""office_hours"": 6, ""event"": 6, ""inspection"": 2}",2208,147.2,93,60,64.52,0.33,75.42,13.32,5.27,6,180,46,6,90.83,22,2025-11-01 23:59:00,2025-11-01 23:59:00
a54eec33-568e-4b09-b0b8-d0fe090a0134,PC09,2025-12-01,monthly,30,"{""public_meeting"": 12, ""house_visit"": 16, ""office_hours"": 4, ""event"": 4, ""inspection"": 4}",2261,75.37,74,61,82.43,0.36,63.92,23.73,11.19,8,407,14,7,89.81,20,2025-12-01 23:59:00,2025-12-01 23:59:00
e842c096-ae22-4e2e-9d6d-05cd13d12031,PC10,2025-01-01,monthly,19,"{""public_meeting"": 13, ""house_visit"": 20, ""office_hours"": 5, ""event"": 6, ""inspection"": 3}",5322,280.11,72,55,76.39,0.34,66.54,24.04,10.69,11,127,32,5,83.77,29,2025-01-01 23:59:00,2025-01-01 23:59:00
0d2c3430-d7ab-4f71-b555-2fa0a302767c,PC10,2025-02-01,monthly,38,"{""public_meeting"": 8, ""house_visit"": 18, ""office_hours"": 4, ""event"": 5, ""inspection"": 3}",2873,75.61,113,80,70.8,0.46,78.9,22.61,6.9,7,332,49,5,70.46,26,2025-02-01 23:59:00,2025-02-01 23:59:00
4f4a1404-1ae3-48cc-bcd5-01970e85fb15,PC10,2025-03-01,monthly,23,"{""public_meeting"": 8, ""house_visit"": 16, ""office_hours"": 5, ""event"": 4, ""inspection"": 4}",9278,403.39,176,146,82.95,0.41,75.54,21.69,11.7,16,245,40,5,99.48,25,2025-03-01 23:59:00,2025-03-01 23:59:00
9b93e608-c363-4885-9fb2-3cdf616ab80d,PC10,2025-04-01,monthly,28,"{""public_meeting"": 14, ""house_visit"": 16, ""office_hours"": 3, ""event"": 4, ""inspection"": 4}",4082,145.79,298,186,62.42,0.4,82.49,24.47,11.78,19,450,30,6,91.47,23,2025-04-01 23:59:00,2025-04-01 23:59:00
20662e2f-a3ab-404d-bfb2-27871ca45da1,PC10,2025-05-01,monthly,17,"{""public_meeting"": 7, ""house_visit"": 19, ""office_hours"": 8, ""event"": 6, ""inspection"": 3}",8154,479.65,281,241,85.77,0.6,63.72,22.49,9.93,18,488,18,5,78.5,26,2025-05-01 23:59:00,2025-05-01 23:59:00
59d43808-5152-4fde-bd4f-7eb3d1f07a1c,PC10,2025-06-01,monthly,29,"{""public_meeting"": 10, ""house_visit"": 20, ""office_hours"": 3, ""event"": 6, ""inspection"": 1}",5856,201.93,280,197,70.36,0.37,68.76,10.05,6.22,6,118,22,7,90.83,21,2025-06-01 23:59:00,2025-06-01 23:59:00
6f935423-b702-44e7-ad67-ab8e5d82647d,PC10,2025-07-01,monthly,15,"{""public_meeting"": 7, ""house_visit"": 13, ""office_hours"": 7, ""event"": 2, ""inspection"": 1}",6675,445.0,227,145,63.88,0.6,70.28,11.21,5.89,18,131,46,5,70.71,23,2025-07-01 23:59:00,2025-07-01 23:59:00
bc58a80e-4e8e-4789-8733-cd299e6646a0,PC10,2025-08-01,monthly,26,"{""public_meeting"": 5, ""house_visit"": 20, ""office_hours"": 6, ""event"": 6, ""inspection"": 4}",8396,322.92,198,178,89.9,0.51,80.36,11.69,9.52,13,156,25,6,77.72,11,2025-08-01 23:59:00,2025-08-01 23:59:00
e5d8da09-9736-4262-bc9a-d30c150c5c9b,PC10,2025-09-01,monthly,21,"{""public_meeting"": 12, ""house_visit"": 8, ""office_hours"": 8, ""event"": 4, ""inspection"": 4}",3642,173.43,199,124,62.31,0.39,72.1,15.43,8.82,11,150,23,6,85.33,16,2025-09-01 23:59:00,2025-09-01 23:59:00
d939a443-782d-4c24-b42e-3b5bced2b428,PC10,2025-10-01,monthly,22,"{""public_meeting"": 9, ""house_visit"": 10, ""office_hours"": 7, ""event"": 6, ""inspection"": 2}",2003,91.05,129,81,62.79,0.53,72.47,13.78,9.72,18,176,15,6,94.07,12,2025-10-01 23:59:00,2025-10-01 23:59:00
f7101096-2fd5-48af-a896-f585ab5e6ae5,PC10,2025-11-01,monthly,36,"{""public_meeting"": 11, ""house_visit"": 16, ""office_hours"": 4, ""event"": 4, ""inspection"": 1}",9696,269.33,98,64,65.31,0.49,60.37,16.57,8.7,8,295,13,6,98.62,14,2025-11-01 23:59:00,2025-11-01 23:59:00
908bf166-de6d-4952-a7b8-21441b6bed37,PC10,2025-12-01,monthly,26,"{""public_meeting"": 13, ""house_visit"": 11, ""office_hours"": 4, ""event"": 2, ""inspection"": 4}",7087,272.58,103,62,60.19,0.41,79.59,20.77,6.54,8,202,39,5,87.01,17,2025-12-01 23:59:00,2025-12-01 23:59:00
d90b71ac-39ef-463d-9de6-1290def4cf39,PC11,2025-01-01,monthly,23,"{""public_meeting"": 5, ""house_visit"": 19, ""office_hours"": 5, ""event"": 2, ""inspection"": 1}",8310,361.3,135,97,71.85,0.39,79.25,19.09,6.34,16,447,34,7,93.6,23,2025-01-01 23:59:00,2025-01-01 23:59:00
f595e80b-f068-4274-bd71-f11707d85b6f,PC11,2025-02-01,monthly,22,"{""public_meeting"": 7, ""house_visit"": 20, ""office_hours"": 7, ""event"": 5, ""inspection"": 1}",3692,167.82,225,153,68.0,0.38,78.58,15.34,14.86,5,489,14,6,95.41,25,2025-02-01 23:59:00,2025-02-01 23:59:00
bce7a9fa-4164-47b9-8c13-5a926780065a,PC11,2025-03-01,monthly,26,"{""public_meeting"": 14, ""house_visit"": 9, ""office_hours"": 4, ""event"": 3, ""inspection"": 3}",2227,85.65,272,221,81.25,0.35,78.33,14.79,13.17,19,172,38,5,82.72,30,2025-03-01 23:59:00,2025-03-01 23:59:00
85198ce3-9248-447b-a919-48769727555d,PC11,2025-04-01,monthly,30,"{""public_meeting"": 14, ""house_visit"": 18, ""office_hours"": 7, ""event"": 6, ""inspection"": 3}",6655,221.83,68,40,58.82,0.52,60.7,22.49,11.15,14,123,43,5,89.34,14,2025-04-01 23:59:00,2025-04-01 23:59:00
0d66681f-b4da-4c73-95c5-61e0c6b92d29,PC11,2025-05-01,monthly,25,"{""public_meeting"": 8, ""house_visit"": 12, ""office_hours"": 8, ""event"": 2, ""inspection"": 3}",9599,383.96,273,195,71.43,0.61,71.18,13.24,7.11,15,201,41,7,77.24,12,2025-05-01 23:59:00,2025-05-01 23:59:00
5bed22ee-34c7-46aa-8440-ba447c1ea203,PC11,2025-06-01,monthly,21,"{""public_meeting"": 12, ""house_visit"": 20, ""office_hours"": 5, ""event"": 4, ""inspection"": 1}",8719,415.19,138,119,86.23,0.46,63.61,11.4,5.79,19,366,11,7,83.81,16,2025-06-01 23:59:00,2025-06-01 23:59:00
d87f3d67-6bef-473a-a1fe-227c6b88a233,PC11,2025-07-01,monthly,36,"{""public_meeting"": 11, ""house_visit"": 15, ""office_hours"": 8, ""event"": 2, ""inspection"": 2}",9225,256.25,270,172,63.7,0.68,78.09,14.43,8.75,20,324,18,6,91.35,27,2025-07-01 23:59:00,2025-07-01 23:59:00
86f68b0d-fcd0-4cc6-aa0e-b3d82e7fdd4c,PC11,2025-08-01,monthly,37,"{""public_meeting"": 14, ""house_visit"": 19, ""office_hours"": 7, ""event"": 6, ""inspection"": 3}",8834,238.76,273,214,78.39,0.78,66.13,11.69,12.63,8,259,25,6,99.28,11,2025-08-01 23:59:00,2025-08-01 23:59:00
28e7812a-126d-4703-ac13-29b707a64011,PC11,2025-09-01,monthly,22,"{""public_meeting"": 10, ""house_visit"": 10, ""office_hours"": 5, ""event"": 6, ""inspection"": 2}",2173,98.77,64,49,76.56,0.5,61.44,10.11,8.14,14,119,48,7,87.95,16,2025-09-01 23:59:00,2025-09-01 23:59:00
701fc0db-c816-4d84-8284-ff012ce45524,PC11,2025-10-01,monthly,24,"{""public_meeting"": 12, ""house_visit"": 11, ""office_hours"": 6, ""event"": 5, ""inspection"": 4}",7931,330.46,214,160,74.77,0.72,76.55,11.55,5.3,14,347,50,6,81.02,12,2025-10-01 23:59:00,2025-10-01 23:59:00
037e3e69-42e6-4bc5-9f6b-59e12424acfa,PC11,2025-11-01,monthly,38,"{""public_meeting"": 15, ""house_visit"": 16, ""office_hours"": 5, ""event"": 3, ""inspection"": 3}",4458,117.32,136,86,63.24,0.45,63.12,14.94,6.2,20,140,13,6,82.29,29,2025-11-01 23:59:00,2025-11-01 23:59:00
b7632f18-c72e-4378-96dc-a5ac4f00ac18,PC11,2025-12-01,monthly,35,"{""public_meeting"": 7, ""house_visit"": 19, ""office_hours"": 7, ""event"": 2, ""inspection"": 3}",9518,271.94,149,113,75.84,0.68,73.24,16.96,5.72,10,220,41,7,91.68,26,2025-12-01 23:59:00,2025-12-01 23:59:00
7b8a2be0-171b-4d72-adcd-e9a8620e9a0e,PC12,2025-01-01,monthly,37,"{""public_meeting"": 12, ""house_visit"": 19, ""office_hours"": 4, ""event"": 4, ""inspection"": 3}",5114,138.22,107,83,77.57,0.36,83.17,24.88,14.24,20,487,11,7,98.0,20,2025-01-01 23:59:00,2025-01-01 23:59:00
ed742bec-10a4-49b0-806f-53698fb824b5,PC12,2025-02-01,monthly,25,"{""public_meeting"": 14, ""house_visit"": 10, ""office_hours"": 7, ""event"": 5, ""inspection"": 2}",9130,365.2,159,130,81.76,0.41,71.41,23.92,10.97,17,179,32,5,80.23,14,2025-02-01 23:59:00,2025-02-01 23:59:00
b3b6395d-9bc9-450c-8a54-32df494bf7ae,PC12,2025-03-01,monthly,35,"{""public_meeting"": 8, ""house_visit"": 18, ""office_hours"": 4, ""event"": 3, ""inspection"": 3}",7846,224.17,87,61,70.11,0.41,76.14,14.51,13.67,7,202,20,7,80.2,26,2025-03-01 23:59:00,2025-03-01 23:59:00
fa0d0db4-dd22-4dc8-b944-7a4aad420686,PC12,2025-04-01,monthly,25,"{""public_meeting"": 15, ""house_visit"": 11, ""office_hours"": 6, ""event"": 5, ""inspection"": 1}",2693,107.72,249,218,87.55,0.76,79.09,13.34,14.22,8,135,39,6,73.54,10,2025-04-01 23:59:00,2025-04-01 23:59:00
211c7786-05fa-4867-a075-67a6c066441b,PC12,2025-05-01,monthly,31,"{""public_meeting"": 10, ""house_visit"": 17, ""office_hours"": 5, ""event"": 2, ""inspection"": 4}",8559,276.1,226,189,83.63,0.5,74.62,22.3,11.77,8,310,15,5,76.87,27,2025-05-01 23:59:00,2025-05-01 23:59:00
7ec0d52c-3f15-4bc6-9ee6-920d6d78ee9b,PC12,2025-06-01,monthly,22,"{""public_meeting"": 5, ""house_visit"": 9, ""office_hours"": 6, ""event"": 6, ""inspection"": 1}",5584,253.82,283,182,64.31,0.75,79.43,24.03,6.97,18,166,32,5,85.58,26,2025-06-01 23:59:00,2025-06-01 23:59:00
1e567823-b403-4d76-8830-87fe07d9d399,PC12,2025-07-01,monthly,38,"{""public_meeting"": 6, ""house_visit"": 15, ""office_hours"": 7, ""event"": 4, ""inspection"": 2}",4830,127.11,180,152,84.44,0.35,65.22,24.81,8.84,20,117,22,5,78.37,13,2025-07-01 23:59:00,2025-07-01 23:59:00
b0a6763c-0498-4c73-947f-4bd348d8dd4f,PC12,2025-08-01,monthly,21,"{""public_meeting"": 14, ""house_visit"": 12, ""office_hours"": 7, ""event"": 5, ""inspection"": 1}",7828,372.76,174,113,64.94,0.72,73.6,22.93,13.55,8,321,29,6,72.97,18,2025-08-01 23:59:00,2025-08-01 23:59:00
78439833-c76f-44b4-9340-ffe941ea99c0,PC12,2025-09-01,monthly,38,"{""public_meeting"": 7, ""house_visit"": 12, ""office_hours"": 8, ""event"": 6, ""inspection"": 3}",3953,104.03,193,115,59.59,0.31,68.87,16.92,8.26,20,351,17,7,98.47,16,2025-09-01 23:59:00,2025-09-01 23:59:00
f4174443-5831-4547-97bf-1cbc2a75f07a,PC12,2025-10-01,monthly,16,"{""public_meeting"": 15, ""house_visit"": 19, ""office_hours"": 6, ""event"": 4, ""inspection"": 1}",3549,221.81,257,189,73.54,0.37,71.11,14.74,11.08,13,419,10,5,85.35,26,2025-10-01 23:59:00,2025-10-01 23:59:00
d339a2a4-28ad-4e35-b5be-50a9c627fd0b,PC12,2025-11-01,monthly,29,"{""public_meeting"": 8, ""house_visit"": 13, ""office_hours"": 7, ""event"": 3, ""inspection"": 4}",3526,121.59,125,86,68.8,0.68,84.78,17.81,11.21,7,447,21,7,71.66,19,2025-11-01 23:59:00,2025-11-01 23:59:00
31e1b8ed-1d15-4fad-9af1-6afbffc4f9c0,PC12,2025-12-01,monthly,20,"{""public_meeting"": 9, ""house_visit"": 20, ""office_hours"": 6, ""event"": 5, ""inspection"": 4}",6350,317.5,80,59,73.75,0.77,65.83,22.67,13.84,14,428,13,5,72.49,28,2025-12-01 23:59:00,2025-12-01 23:59:00
95a1da0c-0913-441d-9cc7-af6b0b5bf9e4,PC13,2025-01-01,monthly,31,"{""public_meeting"": 7, ""house_visit"": 15, ""office_hours"": 4, ""event"": 6, ""inspection"": 1}",9661,311.65,125,82,65.6,0.32,60.55,24.86,10.24,7,201,39,6,86.14,24,2025-01-01 23:59:00,2025-01-01 23:59:00
299fb086-2b76-4951-a9ff-e580db91c808,PC13,2025-02-01,monthly,34,"{""public_meeting"": 11, ""house_visit"": 20, ""office_hours"": 6, ""event"": 3, ""inspection"": 2}",8222,241.82,185,113,61.08,0.6,75.71,11.03,11.13,15,348,40,6,84.85,19,2025-02-01 23:59:00,2025-02-01 23:59:00
c229ed0a-1956-4a47-bd73-2f06f82d826e,PC13,2025-03-01,monthly,36,"{""public_meeting"": 8, ""house_visit"": 13, ""office_hours"": 3, ""event"": 4, ""inspection"": 3}",6778,188.28,83,62,74.7,0.5,64.21,12.27,10.38,13,342,16,6,81.63,30,2025-03-01 23:59:00,2025-03-01 23:59:00
2ec0a007-0532-4f4c-866a-02fac5d9dbe5,PC13,2025-04-01,monthly,34,"{""public_meeting"": 14, ""house_visit"": 17, ""office_hours"": 5, ""event"": 4, ""inspection"": 1}",9219,271.15,240,152,63.33,0.71,83.24,16.4,9.06,15,451,45,6,89.41,16,2025-04-01 23:59:00,2025-04-01 23:59:00
b65eb6ef-6440-422d-8f3c-059e585075e2,PC13,2025-05-01,monthly,16,"{""public_meeting"": 5, ""house_visit"": 19, ""office_hours"": 5, ""event"": 5, ""inspection"": 4}",8423,526.44,254,189,74.41,0.47,83.0,24.58,13.36,7,461,40,5,76.18,30,2025-05-01 23:59:00,2025-05-01 23:59:00
3de26400-e61d-4fa7-84fd-ded9062fd261,PC13,2025-06-01,monthly,27,"{""public_meeting"": 10, ""house_visit"": 17, ""office_hours"": 4, ""event"": 3, ""inspection"": 3}",5009,185.52,101,65,64.36,0.68,75.28,21.8,5.8,11,289,46,7,80.28,10,2025-06-01 23:59:00,2025-06-01 23:59:00
04bf3803-e1d6-4cca-936e-a7e16ffd9e42,PC13,2025-07-01,monthly,17,"{""public_meeting"": 11, ""house_visit"": 13, ""office_hours"": 6, ""event"": 3, ""inspection"": 3}",2071,121.82,247,172,69.64,0.7,66.59,18.65,10.59,6,346,31,7,90.37,19,2025-07-01 23:59:00,2025-07-01 23:59:00
2d72029f-cec8-4f9f-b538-907d51849185,PC13,2025-08-01,monthly,20,"{""public_meeting"": 14, ""house_visit"": 19, ""office_hours"": 5, ""event"": 6, ""inspection"": 4}",8999,449.95,141,88,62.41,0.32,71.35,13.47,12.97,19,175,20,5,91.27,10,2025-08-01 23:59:00,2025-08-01 23:59:00
5c6c26d0-c3d4-4d78-b511-feb4c5030d37,PC13,2025-09-01,monthly,23,"{""public_meeting"": 7, ""house_visit"": 16, ""office_hours"": 3, ""event"": 4, ""inspection"": 2}",7791,338.74,110,78,70.91,0.76,68.7,13.91,9.29,13,176,50,6,95.32,23,2025-09-01 23:59:00,2025-09-01 23:59:00
5e72ccb9-0f56-4abb-bec9-ef17badf44fd,PC13,2025-10-01,monthly,29,"{""public_meeting"": 8, ""house_visit"": 8, ""office_hours"": 8, ""event"": 6, ""inspection"": 1}",9630,332.07,253,167,66.01,0.36,71.97,12.03,9.73,8,119,16,5,78.23,26,2025-10-01 23:59:00,2025-10-01 23:59:00
75abb9d6-abdf-46a7-ab70-b268ece67690,PC13,2025-11-01,monthly,16,"{""public_meeting"": 7, ""house_visit"": 20, ""office_hours"": 7, ""event"": 6, ""inspection"": 1}",4007,250.44,171,120,70.18,0.74,75.53,24.97,5.76,18,398,15,6,71.79,24,2025-11-01 23:59:00,2025-11-01 23:59:00
25736061-a8fd-43a7-8c92-fb53749787e2,PC13,2025-12-01,monthly,36,"{""public_meeting"": 7, ""house_visit"": 11, ""office_hours"": 7, ""event"": 5, ""inspection"": 2}",7036,195.44,94,69,73.4,0.67,67.3,23.99,5.64,9,167,12,5,95.46,12,2025-12-01 23:59:00,2025-12-01 23:59:00
9fc873ff-5f84-485c-bd35-bf1a3ade6a33,PC14,2025-01-01,monthly,28,"{""public_meeting"": 15, ""house_visit"": 14, ""office_hours"": 6, ""event"": 3, ""inspection"": 4}",4975,177.68,107,72,67.29,0.78,65.42,22.74,9.33,16,221,23,6,74.92,12,2025-01-01 23:59:00,2025-01-01 23:59:00
b726e6d3-f3ad-4482-81b9-21fda9a9227c,PC14,2025-02-01,monthly,37,"{""public_meeting"": 12, ""house_visit"": 12, ""office_hours"": 3, ""event"": 4, ""inspection"": 3}",5451,147.32,127,105,82.68,0.66,72.43,12.52,10.91,11,477,14,5,77.6,18,2025-02-01 23:59:00,2025-02-01 23:59:00
c37ac53f-d963-40c2-ab74-ddbd727c90d9,PC14,2025-03-01,monthly,28,"{""public_meeting"": 6, ""house_visit"": 18, ""office_hours"": 8, ""event"": 3, ""inspection"": 3}",5947,212.39,50,40,80.0,0.6,69.24,23.16,10.78,9,156,11,5,81.74,11,2025-03-01 23:59:00,2025-03-01 23:59:00
48d93658-9de0-4023-a8f7-85ca9bb5e045,PC14,2025-04-01,monthly,26,"{""public_meeting"": 15, ""house_visit"": 18, ""office_hours"": 8, ""event"": 4, ""inspection"": 1}",7117,273.73,63,51,80.95,0.62,63.19,20.65,12.43,5,258,39,7,96.22,27,2025-04-01 23:59:00,2025-04-01 23:59:00
e1e38f99-63bb-4b4f-8222-bbf28c3d607d,PC14,2025-05-01,monthly,32,"{""public_meeting"": 15, ""house_visit"": 12, ""office_hours"": 5, ""event"": 3, ""inspection"": 2}",5551,173.47,85,54,63.53,0.47,82.01,18.96,14.56,9,227,15,6,93.79,21,2025-05-01 23:59:00,2025-05-01 23:59:00
22188da4-8645-4700-b9b1-a97af6414f03,PC14,2025-06-01,monthly,35,"{""public_meeting"": 12, ""house_visit"": 20, ""office_hours"": 3, ""event"": 4, ""inspection"": 3}",6848,195.66,236,205,86.86,0.68,66.78,16.77,6.34,12,401,12,5,96.8,13,2025-06-01 23:59:00,2025-06-01 23:59:00
9cb9a11d-7bee-465c-9dc9-501b61936801,PC14,2025-07-01,monthly,29,"{""public_meeting"": 9, ""house_visit"": 13, ""office_hours"": 4, ""event"": 6, ""inspection"": 2}",7588,261.66,136,120,88.24,0.65,72.14,13.61,9.19,19,230,49,7,87.24,25,2025-07-01 23:59:00,2025-07-01 23:59:00
880e30bb-1203-4eac-9818-2f9b5d2519d0,PC14,2025-08-01,monthly,35,"{""public_meeting"": 15, ""house_visit"": 10, ""office_hours"": 3, ""event"": 2, ""inspection"": 1}",5188,148.23,52,31,59.62,0.32,81.23,24.59,14.55,20,472,16,6,93.04,12,2025-08-01 23:59:00,2025-08-01 23:59:00
7f604c8f-1a5f-467e-992e-a94fadc03718,PC14,2025-09-01,monthly,34,"{""public_meeting"": 7, ""house_visit"": 16, ""office_hours"": 4, ""event"": 3, ""inspection"": 3}",2819,82.91,202,129,63.86,0.46,76.38,16.07,10.19,20,263,20,5,73.63,27,2025-09-01 23:59:00,2025-09-01 23:59:00
e924d00a-e354-412a-87d8-b2383b6cfaf3,PC14,2025-10-01,monthly,24,"{""public_meeting"": 9, ""house_visit"": 20, ""office_hours"": 8, ""event"": 4, ""inspection"": 2}",9036,376.5,287,227,79.09,0.61,66.13,13.24,9.01,15,429,41,5,72.32,22,2025-10-01 23:59:00,2025-10-01 23:59:00
d9bc7756-5129-4cbe-a1c7-1cc7cd473351,PC14,2025-11-01,monthly,37,"{""public_meeting"": 8, ""house_visit"": 18, ""office_hours"": 8, ""event"": 5, ""inspection"": 4}",4307,116.41,137,105,76.64,0.57,66.45,18.47,7.22,14,279,21,6,95.73,10,2025-11-01 23:59:00,2025-11-01 23:59:00
1dd8bfeb-2a8b-4e59-bd35-70f753d7400c,PC14,2025-12-01,monthly,15,"{""public_meeting"": 10, ""house_visit"": 13, ""office_hours"": 5, ""event"": 5, ""inspection"": 3}",5303,353.53,84,54,64.29,0.4,79.97,21.9,13.3,6,326,10,7,74.31,13,2025-12-01 23:59:00,2025-12-01 23:59:00
7f71e475-43aa-4c51-a889-f882028dc7f2,PC15,2025-01-01,monthly,30,"{""public_meeting"": 11, ""house_visit"": 19, ""office_hours"": 6, ""event"": 4, ""inspection"": 2}",4082,136.07,125,91,72.8,0.61,82.15,23.54,13.86,11,406,46,7,72.36,14,2025-01-01 23:59:00,2025-01-01 23:59:00
c4cac478-6797-4c42-8bd1-463822e4c6c5,PC15,2025-02-01,monthly,24,"{""public_meeting"": 7, ""house_visit"": 16, ""office_hours"": 3, ""event"": 6, ""inspection"": 4}",3381,140.88,82,70,85.37,0.65,75.64,24.56,12.13,17,500,18,7,93.83,18,2025-02-01 23:59:00,2025-02-01 23:59:00
ec6dec33-f941-40ee-8964-597fedd0bc6e,PC15,2025-03-01,monthly,30,"{""public_meeting"": 9, ""house_visit"": 12, ""office_hours"": 7, ""event"": 2, ""inspection"": 3}",9189,306.3,232,176,75.86,0.43,70.69,20.87,11.85,8,306,41,6,93.36,28,2025-03-01 23:59:00,2025-03-01 23:59:00
846b229e-f37e-4441-9a3c-ad00cc32652f,PC15,2025-04-01,monthly,30,"{""public_meeting"": 15, ""house_visit"": 20, ""office_hours"": 6, ""event"": 3, ""inspection"": 2}",2897,96.57,180,112,62.22,0.73,71.45,16.93,13.96,9,306,17,7,86.97,20,2025-04-01 23:59:00,2025-04-01 23:59:00
c3deacbb-57b4-4ecd-b414-d7dae4130c15,PC15,2025-05-01,monthly,38,"{""public_meeting"": 6, ""house_visit"": 17, ""office_hours"": 8, ""event"": 5, ""inspection"": 3}",7099,186.82,180,141,78.33,0.48,72.11,24.83,8.11,19,325,28,6,80.84,21,2025-05-01 23:59:00,2025-05-01 23:59:00
1c3fa2fc-80e4-49f0-b2bf-e6d31dac40ff,PC15,2025-06-01,monthly,30,"{""public_meeting"": 14, ""house_visit"": 11, ""office_hours"": 7, ""event"": 4, ""inspection"": 3}",7705,256.83,101,87,86.14,0.46,81.9,21.33,12.06,10,263,18,5,95.4,21,2025-06-01 23:59:00,2025-06-01 23:59:00
d09b1b14-b56f-4ced-9137-f63a099343de,PC15,2025-07-01,monthly,20,"{""public_meeting"": 12, ""house_visit"": 15, ""office_hours"": 8, ""event"": 5, ""inspection"": 1}",5159,257.95,226,201,88.94,0.41,84.21,23.65,8.41,14,355,11,5,86.21,25,2025-07-01 23:59:00,2025-07-01 23:59:00
0fb1de3a-5c33-45cd-8271-3ec7e6dbac82,PC15,2025-08-01,monthly,25,"{""public_meeting"": 11, ""house_visit"": 20, ""office_hours"": 7, ""event"": 3, ""inspection"": 1}",6725,269.0,265,163,61.51,0.47,84.34,12.63,10.41,9,306,17,5,81.48,15,2025-08-01 23:59:00,2025-08-01 23:59:00
215defb9-8e4c-4f8a-aa5f-7598c5331085,PC15,2025-09-01,monthly,22,"{""public_meeting"": 10, ""house_visit"": 20, ""office_hours"": 4, ""event"": 6, ""inspection"": 3}",5237,238.05,257,204,79.38,0.38,81.47,13.69,8.97,14,310,20,7,78.86,13,2025-09-01 23:59:00,2025-09-01 23:59:00
4588f1c6-2aad-4424-8e20-bb6b84d3e2c1,PC15,2025-10-01,monthly,24,"{""public_meeting"": 6, ""house_visit"": 14, ""office_hours"": 3, ""event"": 5, ""inspection"": 3}",5342,222.58,144,117,81.25,0.59,70.01,18.53,11.45,9,375,28,6,96.32,15,2025-10-01 23:59:00,2025-10-01 23:59:00
a45b0273-61bd-4bc1-863d-f5ba2c3c60f4,PC15,2025-11-01,monthly,32,"{""public_meeting"": 10, ""house_visit"": 10, ""office_hours"": 8, ""event"": 6, ""inspection"": 3}",5475,171.09,204,145,71.08,0.68,83.49,15.56,5.13,6,444,30,7,89.42,28,2025-11-01 23:59:00,2025-11-01 23:59:00
98b38ec1-cf39-49a1-958b-53b8f631b1b1,PC15,2025-12-01,monthly,38,"{""public_meeting"": 5, ""house_visit"": 20, ""office_hours"": 7, ""event"": 4, ""inspection"": 2}",3811,100.29,70,54,77.14,0.57,61.71,21.0,5.24,11,156,49,7,95.49,13,2025-12-01 23:59:00,2025-12-01 23:59:00
36a1921b-d137-40e8-af70-30dbdc17e615,PC16,2025-01-01,monthly,20,"{""public_meeting"": 15, ""house_visit"": 11, ""office_hours"": 7, ""event"": 6, ""inspection"": 3}",9213,460.65,209,140,66.99,0.44,80.79,22.71,10.04,5,138,23,5,86.3,30,2025-01-01 23:59:00,2025-01-01 23:59:00
67250953-150e-4142-8666-297d52212dd4,PC16,2025-02-01,monthly,20,"{""public_meeting"": 5, ""house_visit"": 8, ""office_hours"": 8, ""event"": 2, ""inspection"": 1}",8382,419.1,238,143,60.08,0.74,83.14,23.32,11.66,5,447,12,6,97.57,25,2025-02-01 23:59:00,2025-02-01 23:59:00
81cac3e5-8b47-47e8-8238-2569e910fc8d,PC16,2025-03-01,monthly,26,"{""public_meeting"": 9, ""house_visit"": 19, ""office_hours"": 4, ""event"": 2, ""inspection"": 1}",4709,181.12,265,230,86.79,0.32,74.66,14.36,9.55,6,386,34,7,73.51,20,2025-03-01 23:59:00,2025-03-01 23:59:00
f6f66951-6784-4b81-8f80-de47baafc402,PC16,2025-04-01,monthly,38,"{""public_meeting"": 8, ""house_visit"": 9, ""office_hours"": 5, ""event"": 6, ""inspection"": 4}",6974,183.53,295,188,63.73,0.63,61.86,24.22,6.93,8,369,16,5,79.05,21,2025-04-01 23:59:00,2025-04-01 23:59:00
8f57199c-a402-4b77-85dd-d86dc887d3a7,PC16,2025-05-01,monthly,31,"{""public_meeting"": 5, ""house_visit"": 12, ""office_hours"": 8, ""event"": 6, ""inspection"": 1}",7901,254.87,246,204,82.93,0.31,83.67,17.58,14.42,20,202,17,6,77.77,15,2025-05-01 23:59:00,2025-05-01 23:59:00
32583570-b93b-4201-b757-5e8cf0f05309,PC16,2025-06-01,monthly,33,"{""public_meeting"": 9, ""house_visit"": 10, ""office_hours"": 3, ""event"": 5, ""inspection"": 2}",6795,205.91,153,136,88.89,0.43,68.36,21.05,6.31,19,431,46,6,90.07,23,2025-06-01 23:59:00,2025-06-01 23:59:00
99974061-2bce-4330-94ab-2aa80516ab9d,PC16,2025-07-01,monthly,19,"{""public_meeting"": 6, ""house_visit"": 17, ""office_hours"": 3, ""event"": 2, ""inspection"": 2}",8380,441.05,96,62,64.58,0.48,79.64,16.23,10.61,19,259,25,6,85.02,30,2025-07-01 23:59:00,2025-07-01 23:59:00
c079e96d-57a3-4740-8b70-3e9c1d06ccfa,PC16,2025-08-01,monthly,27,"{""public_meeting"": 12, ""house_visit"": 18, ""office_hours"": 6, ""event"": 4, ""inspection"": 4}",4014,148.67,106,77,72.64,0.78,60.29,23.98,10.64,12,151,42,7,75.06,12,2025-08-01 23:59:00,2025-08-01 23:59:00
478a8cee-e528-4b4e-ac47-e22c4215d0a0,PC16,2025-09-01,monthly,33,"{""public_meeting"": 7, ""house_visit"": 11, ""office_hours"": 5, ""event"": 2, ""inspection"": 4}",3475,105.3,167,128,76.65,0.56,81.32,13.1,5.46,11,324,20,7,94.68,28,2025-09-01 23:59:00,2025-09-01 23:59:00
c9e68a0b-1bf8-4bbd-a0d0-3e57e05bae9a,PC16,2025-10-01,monthly,18,"{""public_meeting"": 15, ""house_visit"": 20, ""office_hours"": 6, ""event"": 4, ""inspection"": 3}",8345,463.61,234,149,63.68,0.77,70.0,10.81,11.88,8,361,49,5,75.43,16,2025-10-01 23:59:00,2025-10-01 23:59:00
cc161831-389b-4556-a7cf-f961fdd7e77b,PC16,2025-11-01,monthly,39,"{""public_meeting"": 14, ""house_visit"": 9, ""office_hours"": 5, ""event"": 5, ""inspection"": 2}",2866,73.49,73,53,72.6,0.36,70.59,19.4,14.02,20,313,34,6,90.1,17,2025-11-01 23:59:00,2025-11-01 23:59:00
61033125-09e2-48dd-a9a5-eb6a5ac3a03e,PC16,2025-12-01,monthly,39,"{""public_meeting"": 11, ""house_visit"": 12, ""office_hours"": 6, ""event"": 2, ""inspection"": 4}",3048,78.15,299,260,86.96,0.65,82.05,19.97,7.13,18,219,31,7,89.76,22,2025-12-01 23:59:00,2025-12-01 23:59:00
ba61633b-890e-4619-9ad9-880731e3bbbf,PC17,2025-01-01,monthly,18,"{""public_meeting"": 12, ""house_visit"": 20, ""office_hours"": 7, ""event"": 3, ""inspection"": 4}",5047,280.39,221,171,77.38,0.51,69.01,18.72,7.92,5,101,26,5,76.76,20,2025-01-01 23:59:00,2025-01-01 23:59:00
d4c1fb37-da6c-4c27-8217-5d5e3e9aa734,PC17,2025-02-01,monthly,17,"{""public_meeting"": 15, ""house_visit"": 19, ""office_hours"": 8, ""event"": 2, ""inspection"": 1}",5571,327.71,82,55,67.07,0.57,79.77,16.74,12.15,15,318,34,5,81.45,30,2025-02-01 23:59:00,2025-02-01 23:59:00
ff167e0d-af1f-437a-a122-7901123a06c7,PC17,2025-03-01,monthly,22,"{""public_meeting"": 10, ""house_visit"": 15, ""office_hours"": 4, ""event"": 3, ""inspection"": 4}",3085,140.23,160,140,87.5,0.4,71.23,24.58,6.59,9,164,37,6,90.38,21,2025-03-01 23:59:00,2025-03-01 23:59:00
1384cac5-15bd-46b6-9e0a-55d8263b6693,PC17,2025-04-01,monthly,15,"{""public_meeting"": 13, ""house_visit"": 13, ""office_hours"": 6, ""event"": 5, ""inspection"": 1}",8533,568.87,246,219,89.02,0.39,67.53,16.99,6.87,12,209,43,5,98.6,10,2025-04-01 23:59:00,2025-04-01 23:59:00
5133fd9e-b9d3-4c3a-9a71-ac72c2335a49,PC17,2025-05-01,monthly,37,"{""public_meeting"": 7, ""house_visit"": 20, ""office_hours"": 6, ""event"": 5, ""inspection"": 4}",5036,136.11,59,37,62.71,0.66,70.97,21.24,14.48,14,122,12,6,98.62,21,2025-05-01 23:59:00,2025-05-01 23:59:00
4113a908-5cbc-4b65-9277-018fa196ec36,PC17,2025-06-01,monthly,22,"{""public_meeting"": 14, ""house_visit"": 13, ""office_hours"": 5, ""event"": 3, ""inspection"": 3}",2867,130.32,59,52,88.14,0.76,69.63,24.26,9.4,13,397,13,7,88.62,10,2025-06-01 23:59:00,2025-06-01 23:59:00
6b590850-5e34-41fa-bb29-cf54038b0150,PC17,2025-07-01,monthly,29,"{""public_meeting"": 13, ""house_visit"": 8, ""office_hours"": 4, ""event"": 6, ""inspection"": 3}",8055,277.76,181,138,76.24,0.3,60.78,19.09,12.9,5,169,31,6,87.78,29,2025-07-01 23:59:00,2025-07-01 23:59:00
d13656d0-5228-4b1e-8565-e646083c0bfb,PC17,2025-08-01,monthly,28,"{""public_meeting"": 9, ""house_visit"": 9, ""office_hours"": 7, ""event"": 5, ""inspection"": 4}",8834,315.5,256,209,81.64,0.7,78.45,24.33,14.92,6,302,20,7,85.92,24,2025-08-01 23:59:00,2025-08-01 23:59:00
da7a38b8-c2e1-45bf-adfb-d65161885f98,PC17,2025-09-01,monthly,39,"{""public_meeting"": 12, ""house_visit"": 17, ""office_hours"": 4, ""event"": 4, ""inspection"": 2}",2185,56.03,54,47,87.04,0.53,83.48,11.51,13.22,18,339,50,7,90.03,21,2025-09-01 23:59:00,2025-09-01 23:59:00
bcf234d8-11fd-4d86-b455-64bed79bdcd2,PC17,2025-10-01,monthly,21,"{""public_meeting"": 11, ""house_visit"": 14, ""office_hours"": 3, ""event"": 2, ""inspection"": 1}",3086,146.95,177,129,72.88,0.79,77.71,21.47,12.93,12,274,40,5,85.56,23,2025-10-01 23:59:00,2025-10-01 23:59:00
e064dc9c-8121-4edd-8006-dd84cbcb6336,PC17,2025-11-01,monthly,21,"{""public_meeting"": 6, ""house_visit"": 8, ""office_hours"": 7, ""event"": 6, ""inspection"": 2}",5368,255.62,145,122,84.14,0.34,75.2,21.29,8.48,8,372,49,6,93.4,16,2025-11-01 23:59:00,2025-11-01 23:59:00
e4ba220a-4ef7-49b4-a4cc-d8d1fadd6703,PC17,2025-12-01,monthly,27,"{""public_meeting"": 10, ""house_visit"": 12, ""office_hours"": 7, ""event"": 4, ""inspection"": 2}",7679,284.41,298,229,76.85,0.51,65.07,10.37,14.2,18,309,36,7,75.02,23,2025-12-01 23:59:00,2025-12-01 23:59:00
