beneficiary_id,promise_id,constituency_id,assessment_date,beneficiary_type,beneficiary_category,total_beneficiaries,direct_beneficiaries,indirect_beneficiaries,registered_beneficiaries,verified_beneficiaries,satisfaction_score,feedback_collected,positive_feedback_pct,impact_rating,lives_improved,economic_benefit_per_beneficiary,total_economic_impact,testimonials_count,case_studies_count,media_stories_count,before_after_analysis,geographic_distribution,created_at,updated_at
df746ed7-eb6c-49c1-a46b-eb662cd0d43e,d0be2944-54c7-4075-8343-cc091dc459c3,PC01,2025-09-29,individual,bpl_families,42275,21996,1635,268,19510,84,265,74.71,4.8,6954,46284.46,26480633.19,5,1,8,"{""before_condition"": ""poor"", ""after_condition"": ""improved"", ""improvement_pct"": 45.76}","{""urban"": 32, ""rural"": 66}",2025-09-29 23:00:00,2025-09-29 23:30:00
83d0ce4c-dd4c-40f1-bb39-1da04338c4fe,38630752-1341-4312-8cb6-62e0575b921b,PC01,2025-03-02,household,sc_st,41765,13467,10440,16595,34181,91,420,67.83,4.4,963,41906.95,10138117.22,38,1,17,"{""before_condition"": ""inadequate"", ""after_condition"": ""good"", ""improvement_pct"": 47.14}","{""urban"": 48, ""rural"": 54}",2025-03-02 23:00:00,2025-03-02 23:30:00
d0af3e25-d7b4-4941-ad05-1fb1541f4cd9,54621309-3b75-4ca3-8129-d85b1176148a,PC01,2025-09-30,institution,women,32373,4364,6534,17987,31870,92,418,62.2,4.3,3573,57926.29,22983529.66,41,8,9,"{""before_condition"": ""lacking"", ""after_condition"": ""excellent"", ""improvement_pct"": 69.29}","{""urban"": 64, ""rural"": 35}",2025-09-30 23:00:00,2025-09-30 23:30:00
208dbebf-24d5-4457-b917-cef0ebb0ffdd,eda355d2-666e-4a6a-aaa5-2d2c3cb7d117,PC01,2025-10-28,household,minorities,23158,12550,13068,35427,16666,85,220,80.99,4.4,9753,61669.62,11273986.35,41,1,7,"{""before_condition"": ""inadequate"", ""after_condition"": ""improved"", ""improvement_pct"": 69.84}","{""urban"": 31, ""rural"": 34}",2025-10-28 23:00:00,2025-10-28 23:30:00
8c5c0a66-fbb5-49d3-9b18-15b24a4f9caa,f2381370-d22f-4642-959d-99701fae4428,PC01,2025-09-16,community,women,42938,18329,1358,27854,3765,72,196,80.12,3.7,1494,19064.81,40353276.78,16,2,13,"{""before_condition"": ""poor"", ""after_condition"": ""improved"", ""improvement_pct"": 75.35}","{""urban"": 68, ""rural"": 66}",2025-09-16 23:00:00,2025-09-16 23:30:00
6d7d02a7-2cb8-4ac5-8691-ab89370f187c,aecca9bb-fe9d-4d04-b8d2-c4458ac2085b,PC01,2025-09-01,individual,minorities,27290,14525,15851,171,33050,82,436,76.96,4.8,1921,19927.52,47271892.72,27,6,15,"{""before_condition"": ""inadequate"", ""after_condition"": ""improved"", ""improvement_pct"": 82.3}","{""urban"": 55, ""rural"": 51}",2025-09-01 23:00:00,2025-09-01 23:30:00
a171c0e2-8770-48e7-b293-07e09b77bb48,6ee4a00d-7729-4103-a9ed-d71fcb641a7f,PC01,2025-11-10,individual,women,9324,25448,14073,15830,19665,94,406,87.09,4.4,996,86911.05,47529347.15,10,6,17,"{""before_condition"": ""lacking"", ""after_condition"": ""good"", ""improvement_pct"": 89.09}","{""urban"": 41, ""rural"": 50}",2025-11-10 23:00:00,2025-11-10 23:30:00
20903c33-9220-4332-b6a4-baf72a6be31b,5de71d02-0a12-44e8-9d1d-7fd1c7b42b61,PC01,2025-03-04,institution,youth,7302,26496,2465,26200,31058,86,377,85.17,4.9,9192,28093.44,34373753.85,26,9,12,"{""before_condition"": ""inadequate"", ""after_condition"": ""good"", ""improvement_pct"": 74.49}","{""urban"": 50, ""rural"": 52}",2025-03-04 23:00:00,2025-03-04 23:30:00
ffceece3-5471-4b00-9798-77d0d61c43d9,d39243cc-34e0-4997-afe3-058becc01d7e,PC01,2025-11-05,household,sc_st,41499,12067,9521,12894,21827,92,392,70.73,3.9,233,80271.4,1234896.03,12,1,2,"{""before_condition"": ""inadequate"", ""after_condition"": ""excellent"", ""improvement_pct"": 47.83}","{""urban"": 37, ""rural"": 34}",2025-11-05 23:00:00,2025-11-05 23:30:00
831d8e81-c313-42e8-956b-01b0ffdcaef7,7118ea98-de8d-40c0-9d0b-c2845bbff88c,PC01,2025-07-06,institution,sc_st,30806,17261,3335,29274,17956,79,20,85.29,4.6,312,78230.24,45260660.64,40,9,4,"{""before_condition"": ""lacking"", ""after_condition"": ""improved"", ""improvement_pct"": 69.86}","{""urban"": 30, ""rural"": 61}",2025-07-06 23:00:00,2025-07-06 23:30:00
44d20e7a-dc64-45d1-90b3-d1480d892147,a344aca1-7a34-4950-9940-7b1ed429a667,PC01,2025-07-17,individual,women,14049,16509,12499,37341,34797,76,343,88.29,4.6,8043,46763.79,9968591.82,8,4,17,"{""before_condition"": ""poor"", ""after_condition"": ""good"", ""improvement_pct"": 69.42}","{""urban"": 52, ""rural"": 39}",2025-07-17 23:00:00,2025-07-17 23:30:00
f8732d76-5715-4ce4-a316-32209463f134,39478d1e-23f9-48f9-857a-8d51b6e58a38,PC01,2025-02-06,individual,youth,24701,14481,12932,25026,9144,77,281,87.79,4.0,685,12403.51,49025990.31,16,10,10,"{""before_condition"": ""poor"", ""after_condition"": ""excellent"", ""improvement_pct"": 64.39}","{""urban"": 30, ""rural"": 33}",2025-02-06 23:00:00,2025-02-06 23:30:00
7c9f771d-c927-451c-ba18-fd735e29fbf1,de7f0537-6d8a-4488-8a50-46a1de1f8e30,PC01,2025-10-29,individual,bpl_families,18475,20774,4529,26284,32007,69,387,85.59,4.4,3127,7926.48,41040167.75,28,8,5,"{""before_condition"": ""poor"", ""after_condition"": ""good"", ""improvement_pct"": 84.1}","{""urban"": 62, ""rural"": 33}",2025-10-29 23:00:00,2025-10-29 23:30:00
d9a1a0b9-5ae0-47c6-a044-34ea7868bb4c,347de3c2-c70b-46cf-9b34-5dac3955852b,PC01,2025-02-14,institution,all_citizens,48575,16876,2544,7868,10452,80,78,89.71,4.3,1746,56121.26,19184888.37,47,8,3,"{""before_condition"": ""lacking"", ""after_condition"": ""good"", ""improvement_pct"": 86.03}","{""urban"": 44, ""rural"": 64}",2025-02-14 23:00:00,2025-02-14 23:30:00
12ce2c7f-99ae-48ad-9a8f-f5302f83e1d9,1c775d0a-b438-4dbd-b023-53a99fccdfd8,PC01,2025-08-07,individual,youth,47885,21764,18626,29982,16040,65,431,82.48,4.4,389,72277.52,7498116.93,27,10,16,"{""before_condition"": ""poor"", ""after_condition"": ""improved"", ""improvement_pct"": 82.16}","{""urban"": 32, ""rural"": 56}",2025-08-07 23:00:00,2025-08-07 23:30:00
6264a76a-6b62-40cd-9091-bd88ca6a65d1,22a56509-fddc-4658-a32e-f667ffa1ebed,PC01,2025-09-07,household,minorities,15289,29767,6402,16958,6319,86,93,67.62,4.3,2023,72902.11,28878853.95,29,5,11,"{""before_condition"": ""inadequate"", ""after_condition"": ""excellent"", ""improvement_pct"": 68.53}","{""urban"": 40, ""rural"": 59}",2025-09-07 23:00:00,2025-09-07 23:30:00
fdc23672-db9f-4434-b1b8-59964dd3b35d,5ee65644-a0c8-48f0-ac22-b0dbab63d77b,PC01,2025-09-18,individual,all_citizens,32026,27457,2244,1773,22042,86,214,75.1,4.3,1681,44274.16,45853557.28,29,6,7,"{""before_condition"": ""inadequate"", ""after_condition"": ""good"", ""improvement_pct"": 84.12}","{""urban"": 38, ""rural"": 54}",2025-09-18 23:00:00,2025-09-18 23:30:00
330ae94f-50dd-4330-9d10-fe6b542a9e94,47d219d7-68c7-448b-b8b5-ae4bdaf72035,PC01,2025-05-23,institution,sc_st,10305,28077,3992,970,10058,79,464,65.05,4.0,5802,51857.74,669172.23,31,1,3,"{""before_condition"": ""poor"", ""after_condition"": ""excellent"", ""improvement_pct"": 85.08}","{""urban"": 44, ""rural"": 39}",2025-05-23 23:00:00,2025-05-23 23:30:00
d6a32351-c580-4f3b-86bc-91c4e542845e,c7728e3a-d552-478b-b17d-9182b7c78439,PC02,2025-08-07,institution,all_citizens,5311,10607,7893,9874,23581,95,236,84.13,4.0,456,93370.84,34798869.32,27,4,9,"{""before_condition"": ""poor"", ""after_condition"": ""improved"", ""improvement_pct"": 72.01}","{""urban"": 45, ""rural"": 30}",2025-08-07 23:00:00,2025-08-07 23:30:00
1546eea6-9d04-488c-b686-327be644c410,afd46c2f-3eb2-4a93-aadd-3c0da81f1cae,PC02,2025-04-06,community,youth,3864,17457,17920,15363,5929,83,376,77.99,4.4,5954,13544.64,49131458.23,46,4,19,"{""before_condition"": ""poor"", ""after_condition"": ""improved"", ""improvement_pct"": 81.76}","{""urban"": 59, ""rural"": 44}",2025-04-06 23:00:00,2025-04-06 23:30:00
a0a04bdb-7511-4cac-9dc6-7bccecb8e415,93aeca9e-eb4e-4330-bdee-ce8735197670,PC02,2025-10-29,community,sc_st,39170,2038,19966,24862,27214,68,460,69.39,4.7,2705,49600.57,24884721.75,28,5,17,"{""before_condition"": ""lacking"", ""after_condition"": ""good"", ""improvement_pct"": 80.66}","{""urban"": 66, ""rural"": 57}",2025-10-29 23:00:00,2025-10-29 23:30:00
7fd66551-84bc-4b79-a82f-bede3ab5556e,1daed256-a80d-423f-96fb-8156ac879e4d,PC02,2025-08-20,community,sc_st,9504,21630,12308,39336,17060,75,331,79.47,3.8,2094,10869.13,34571365.14,42,1,11,"{""before_condition"": ""poor"", ""after_condition"": ""good"", ""improvement_pct"": 65.22}","{""urban"": 39, ""rural"": 52}",2025-08-20 23:00:00,2025-08-20 23:30:00
d6c55b28-b691-4dce-97cb-a1120db98394,c09bfca7-4f2f-4a79-9628-b270d9b7e6cf,PC02,2025-07-08,household,youth,44774,2229,6469,16562,21034,61,41,72.22,3.5,2324,19587.93,34274114.39,48,2,10,"{""before_condition"": ""inadequate"", ""after_condition"": ""good"", ""improvement_pct"": 80.07}","{""urban"": 38, ""rural"": 46}",2025-07-08 23:00:00,2025-07-08 23:30:00
8b6cab67-3cdd-46c8-b735-c5f90a44d761,c4d0c01d-7dc1-45a1-b965-a698e3dc64d1,PC02,2025-06-16,community,sc_st,12249,23557,9414,7987,2323,72,455,65.18,3.5,1872,91484.58,20057909.69,39,5,4,"{""before_condition"": ""inadequate"", ""after_condition"": ""good"", ""improvement_pct"": 69.34}","{""urban"": 63, ""rural"": 66}",2025-06-16 23:00:00,2025-06-16 23:30:00
2fe38130-6bb6-4c32-8078-35b92ff79c0b,e57903e4-9522-4739-80a3-b383246b3db0,PC02,2025-10-19,individual,women,2176,14641,19215,33240,27439,67,74,70.07,3.8,5279,17820.12,11829959.15,39,2,9,"{""before_condition"": ""lacking"", ""after_condition"": ""good"", ""improvement_pct"": 70.87}","{""urban"": 56, ""rural"": 44}",2025-10-19 23:00:00,2025-10-19 23:30:00
1a991ce2-b819-4466-94b8-765bb7c05930,c5bd64a1-9252-4d54-9fb2-3e063595ed62,PC02,2025-02-08,community,youth,46741,2917,1944,21281,6779,81,293,76.16,4.1,9951,92518.63,34843571.1,37,3,3,"{""before_condition"": ""poor"", ""after_condition"": ""excellent"", ""improvement_pct"": 83.64}","{""urban"": 51, ""rural"": 69}",2025-02-08 23:00:00,2025-02-08 23:30:00
d327ee75-9947-4e89-bb06-116f88c6887e,4c119c71-414f-416b-99cf-91222855700f,PC02,2025-09-18,household,women,49525,15493,10843,19524,1905,68,338,89.63,4.1,9100,47865.42,23319344.38,17,9,14,"{""before_condition"": ""lacking"", ""after_condition"": ""good"", ""improvement_pct"": 87.71}","{""urban"": 49, ""rural"": 54}",2025-09-18 23:00:00,2025-09-18 23:30:00
6985c4ae-a8ef-4e30-a994-a74ad85aa1bb,ccc5451a-2dad-4925-92c6-40c5cb60e919,PC02,2025-11-16,household,women,37241,12492,5108,2511,21886,74,116,60.47,4.7,1202,47041.41,32092978.93,42,7,19,"{""before_condition"": ""poor"", ""after_condition"": ""good"", ""improvement_pct"": 55.19}","{""urban"": 53, ""rural"": 68}",2025-11-16 23:00:00,2025-11-16 23:30:00
8a14f7fb-7c95-4e1f-a6be-4552341073e6,1e4c5784-d9d0-498c-ae6f-9ded45d2305b,PC02,2025-06-10,community,minorities,13459,11424,11937,6132,11509,63,98,68.09,3.6,6304,32603.91,46691373.47,38,10,10,"{""before_condition"": ""inadequate"", ""after_condition"": ""improved"", ""improvement_pct"": 77.16}","{""urban"": 67, ""rural"": 50}",2025-06-10 23:00:00,2025-06-10 23:30:00
1f9b5983-e580-4d5d-9010-dbfcd88641f1,dfba79d9-4338-42f5-b080-12634a0e365c,PC02,2025-08-27,individual,all_citizens,31675,1278,11061,18863,18610,60,435,64.71,4.6,5940,40524.32,39627259.72,12,10,15,"{""before_condition"": ""poor"", ""after_condition"": ""good"", ""improvement_pct"": 49.84}","{""urban"": 65, ""rural"": 54}",2025-08-27 23:00:00,2025-08-27 23:30:00
ee504816-9937-43ea-8bf4-147d024176f1,b81ce53d-9eb9-4649-a8e5-630f84b5a2cb,PC02,2025-12-22,household,sc_st,48208,15169,19126,9826,12178,61,297,80.74,4.1,9872,15873.37,33798293.12,22,10,17,"{""before_condition"": ""inadequate"", ""after_condition"": ""good"", ""improvement_pct"": 52.49}","{""urban"": 54, ""rural"": 55}",2025-12-22 23:00:00,2025-12-22 23:30:00
c21da844-ec7b-47e1-842e-360a6b7a6104,62a436f3-c1c3-4791-9a01-abbf9959e23c,PC03,2025-10-17,household,minorities,29570,19342,6197,38146,34420,91,496,60.9,4.4,8437,6498.01,19145637.51,17,5,11,"{""before_condition"": ""inadequate"", ""after_condition"": ""good"", ""improvement_pct"": 57.36}","{""urban"": 70, ""rural"": 35}",2025-10-17 23:00:00,2025-10-17 23:30:00
77102e03-dda0-4424-aa94-a740f47fc958,66da76fe-6f5d-4ad2-99fc-9fd21826e941,PC03,2025-08-21,institution,youth,35697,11448,13182,13805,33930,66,299,76.12,4.6,7104,25509.28,4369157.15,36,8,6,"{""before_condition"": ""lacking"", ""after_condition"": ""good"", ""improvement_pct"": 58.6}","{""urban"": 69, ""rural"": 52}",2025-08-21 23:00:00,2025-08-21 23:30:00
589ee30d-fc87-4466-af3b-ed421894a662,c9270d04-c855-4ca2-81bb-d707749c1735,PC03,2025-06-26,household,farmers,45174,14924,4351,22446,14270,63,479,78.5,3.7,6933,66828.06,45686373.34,6,5,15,"{""before_condition"": ""poor"", ""after_condition"": ""excellent"", ""improvement_pct"": 57.22}","{""urban"": 67, ""rural"": 63}",2025-06-26 23:00:00,2025-06-26 23:30:00
c9c4809d-4e6b-4263-bce6-2be36e08cabc,ea674344-e250-4c01-8162-f6a835e09da2,PC03,2025-05-05,community,minorities,9648,24784,14820,37449,11340,68,429,84.24,4.8,4277,80435.44,22559171.53,35,1,7,"{""before_condition"": ""inadequate"", ""after_condition"": ""improved"", ""improvement_pct"": 52.31}","{""urban"": 57, ""rural"": 32}",2025-05-05 23:00:00,2025-05-05 23:30:00
0de44f0d-10a0-4cdc-a393-ac99f0ed2b97,c2e1f8ee-7357-44df-8569-6befdb559e58,PC03,2025-10-02,community,minorities,46828,18546,10134,7140,31333,84,110,74.37,4.3,8027,97316.75,6110497.13,6,1,8,"{""before_condition"": ""inadequate"", ""after_condition"": ""excellent"", ""improvement_pct"": 88.89}","{""urban"": 56, ""rural"": 32}",2025-10-02 23:00:00,2025-10-02 23:30:00
34fc1002-f593-4ea8-8565-6e8ff43b437e,77d9c347-91b0-4e3c-ac5a-25446d9310e9,PC03,2025-06-08,household,youth,44503,10551,9526,402,21706,70,312,87.63,4.2,9207,95277.96,33236680.54,19,7,6,"{""before_condition"": ""poor"", ""after_condition"": ""good"", ""improvement_pct"": 77.82}","{""urban"": 44, ""rural"": 51}",2025-06-08 23:00:00,2025-06-08 23:30:00
2fa0bfc0-f458-4fc0-9647-fd7780fa4043,281a2715-b6a1-429d-861c-d0f7d65d2ef4,PC03,2025-12-03,household,youth,35714,7927,3163,6059,18773,68,140,85.42,4.7,3439,90219.77,45407316.34,40,4,14,"{""before_condition"": ""inadequate"", ""after_condition"": ""improved"", ""improvement_pct"": 81.38}","{""urban"": 56, ""rural"": 58}",2025-12-03 23:00:00,2025-12-03 23:30:00
eda17395-1337-4e65-8711-d93ea5879a07,6c02a514-26d7-423f-82f5-be4ec770ed55,PC03,2025-04-09,community,bpl_families,38060,27354,17355,37653,25174,88,60,87.8,4.8,6842,75302.8,8174395.29,22,5,18,"{""before_condition"": ""inadequate"", ""after_condition"": ""improved"", ""improvement_pct"": 83.51}","{""urban"": 31, ""rural"": 53}",2025-04-09 23:00:00,2025-04-09 23:30:00
9cfc407b-52a4-4303-829f-c9be53bdb155,aaacf07f-0440-4d22-b61f-90fd80f98266,PC03,2025-07-09,institution,bpl_families,10747,11915,18095,462,18317,83,348,87.92,4.8,65,66201.83,40105745.67,49,3,9,"{""before_condition"": ""inadequate"", ""after_condition"": ""good"", ""improvement_pct"": 85.72}","{""urban"": 55, ""rural"": 46}",2025-07-09 23:00:00,2025-07-09 23:30:00
40b8f606-b937-489c-8a3a-8090156fb085,56783327-02fb-4c0a-a728-06567cf98654,PC03,2025-01-28,individual,sc_st,42989,22413,2372,3286,238,83,28,76.78,5.0,5473,69303.99,48812676.08,23,2,6,"{""before_condition"": ""inadequate"", ""after_condition"": ""improved"", ""improvement_pct"": 61.14}","{""urban"": 52, ""rural"": 63}",2025-01-28 23:00:00,2025-01-28 23:30:00
d4009c5d-c8c9-44bf-b07a-0ad0072a2adc,363288fe-7c8b-4661-a83f-fc10853c58f7,PC03,2025-03-10,household,youth,34650,12606,1283,10231,23031,74,158,84.85,4.3,686,66483.42,19998537.94,45,2,9,"{""before_condition"": ""lacking"", ""after_condition"": ""good"", ""improvement_pct"": 48.22}","{""urban"": 46, ""rural"": 37}",2025-03-10 23:00:00,2025-03-10 23:30:00
30b9f021-6e77-4062-a6f0-bda35152e6c6,0c87811f-8027-4e44-bb1c-cda92f3279b4,PC03,2025-06-25,household,sc_st,6341,8639,19811,5743,27949,86,114,62.97,4.4,6676,14978.69,42256997.77,19,3,3,"{""before_condition"": ""lacking"", ""after_condition"": ""excellent"", ""improvement_pct"": 75.68}","{""urban"": 48, ""rural"": 50}",2025-06-25 23:00:00,2025-06-25 23:30:00
60538f4a-2654-49cf-a303-90976eb306a7,90cee6e8-93a2-4355-a640-0e3b51e24888,PC03,2025-08-25,individual,minorities,7653,14411,5433,7897,3083,82,261,83.86,4.2,3381,80438.75,15616504.88,49,1,20,"{""before_condition"": ""poor"", ""after_condition"": ""good"", ""improvement_pct"": 64.15}","{""urban"": 42, ""rural"": 40}",2025-08-25 23:00:00,2025-08-25 23:30:00
ff7a58d3-49c2-48f5-b64b-758ca8dd3d92,c609859a-3454-4d9b-b718-2d95906dc92f,PC03,2025-05-04,community,all_citizens,35988,2468,2475,2017,26625,84,21,67.32,3.7,1702,12043.44,17285285.61,11,8,7,"{""before_condition"": ""inadequate"", ""after_condition"": ""excellent"", ""improvement_pct"": 66.63}","{""urban"": 42, ""rural"": 60}",2025-05-04 23:00:00,2025-05-04 23:30:00
acb9546e-26e2-4cca-89a7-ddde66e3f899,de472953-7c24-4fb0-8387-36659f06f580,PC03,2025-08-20,household,minorities,36586,1864,8978,25126,23086,88,385,89.23,4.6,6202,80985.17,31120624.89,12,7,15,"{""before_condition"": ""lacking"", ""after_condition"": ""excellent"", ""improvement_pct"": 57.13}","{""urban"": 36, ""rural"": 51}",2025-08-20 23:00:00,2025-08-20 23:30:00
6fe14d57-0ae9-4459-ab0f-9b7b5dd39712,25ddeba6-eee8-462c-b993-ea35bec335cd,PC03,2025-04-21,individual,all_citizens,4508,12306,9067,9042,4253,91,290,61.81,4.9,7251,6631.68,1893173.66,34,4,17,"{""before_condition"": ""inadequate"", ""after_condition"": ""excellent"", ""improvement_pct"": 45.93}","{""urban"": 68, ""rural"": 35}",2025-04-21 23:00:00,2025-04-21 23:30:00
89aabb06-c10f-42ad-9b9f-4352d540518a,17601f73-eeec-4bce-8105-ee66f7dae807,PC03,2025-12-03,household,farmers,15773,17998,9884,8503,13248,66,270,81.31,4.0,6221,31660.98,43540518.49,37,3,14,"{""before_condition"": ""poor"", ""after_condition"": ""improved"", ""improvement_pct"": 70.84}","{""urban"": 60, ""rural"": 57}",2025-12-03 23:00:00,2025-12-03 23:30:00
f15efd66-7d0d-4c87-8217-53900e2f3ba1,67779327-8f26-43ff-a487-c7453b0803a0,PC04,2025-10-08,individual,women,23173,21862,16188,572,16605,74,126,83.76,4.5,2338,87751.67,41513510.31,15,10,2,"{""before_condition"": ""poor"", ""after_condition"": ""good"", ""improvement_pct"": 45.06}","{""urban"": 66, ""rural"": 51}",2025-10-08 23:00:00,2025-10-08 23:30:00
5d9e3f5d-3264-4d62-a39a-2c00068e9d71,2102b32e-4d19-411a-80d7-c1a49b97be27,PC04,2025-08-25,institution,women,5621,396,8589,4512,7306,91,228,69.68,4.1,8012,68662.15,22512165.97,10,8,16,"{""before_condition"": ""inadequate"", ""after_condition"": ""excellent"", ""improvement_pct"": 86.37}","{""urban"": 56, ""rural"": 64}",2025-08-25 23:00:00,2025-08-25 23:30:00
01fe97ff-5da8-4156-84a1-efa7cc7b7fa2,a0413905-aeea-4302-b9c5-23a1b27456f1,PC04,2025-09-07,individual,women,1024,13764,19120,14715,25081,85,152,79.03,4.7,709,42183.34,4902273.4,5,8,8,"{""before_condition"": ""inadequate"", ""after_condition"": ""good"", ""improvement_pct"": 59.0}","{""urban"": 56, ""rural"": 49}",2025-09-07 23:00:00,2025-09-07 23:30:00
201e872c-d6ae-4b04-8b37-28c57b41c72f,aea087e2-1d1d-4178-8b39-b5670064a77b,PC04,2025-08-29,individual,all_citizens,46852,2172,17708,10874,14665,63,87,63.84,3.6,5752,23192.4,29396557.55,23,9,19,"{""before_condition"": ""inadequate"", ""after_condition"": ""improved"", ""improvement_pct"": 86.04}","{""urban"": 34, ""rural"": 36}",2025-08-29 23:00:00,2025-08-29 23:30:00
e900f311-846b-4152-a835-1f953eac222c,1b5d00de-0da1-46c1-9f39-3e83bdf97059,PC04,2025-04-02,community,bpl_families,1362,20700,17966,24896,3400,79,450,79.78,3.6,148,33876.41,40040275.27,33,9,8,"{""before_condition"": ""poor"", ""after_condition"": ""excellent"", ""improvement_pct"": 67.41}","{""urban"": 53, ""rural"": 54}",2025-04-02 23:00:00,2025-04-02 23:30:00
ac05db9c-ca8b-4223-8e22-70da09e240c5,36a178e5-4ef7-4b5f-9725-c1ee2ad5feee,PC04,2025-08-14,household,all_citizens,3233,28873,14210,13549,26727,89,342,62.83,4.3,5308,59307.68,36615602.52,44,6,20,"{""before_condition"": ""poor"", ""after_condition"": ""improved"", ""improvement_pct"": 81.91}","{""urban"": 56, ""rural"": 40}",2025-08-14 23:00:00,2025-08-14 23:30:00
2a3e3805-41bc-4b60-88cb-2061bf878124,ee222c98-7a2f-4b29-9039-ac152dbf6105,PC04,2025-04-02,institution,minorities,32482,9301,14768,31934,33133,87,359,64.14,3.7,9733,63416.6,7871626.76,27,3,8,"{""before_condition"": ""poor"", ""after_condition"": ""excellent"", ""improvement_pct"": 54.73}","{""urban"": 37, ""rural"": 30}",2025-04-02 23:00:00,2025-04-02 23:30:00
f26fd2e1-55c7-4e2c-8a8c-84d91be3cff1,8ecd24b2-586c-4b3b-9798-c8c94d452a62,PC04,2025-09-25,institution,youth,38519,21704,13281,14715,12495,85,98,76.11,4.7,174,80310.17,39295786.91,19,10,18,"{""before_condition"": ""lacking"", ""after_condition"": ""good"", ""improvement_pct"": 48.56}","{""urban"": 41, ""rural"": 36}",2025-09-25 23:00:00,2025-09-25 23:30:00
b58c0936-a445-48e3-8b32-dd57d3f2e9ba,1daafb21-a518-4a43-a4a3-d4444598ce8f,PC04,2025-01-13,individual,women,33728,6737,2267,11862,7956,81,418,79.08,4.5,9899,42171.5,5032451.63,25,8,7,"{""before_condition"": ""poor"", ""after_condition"": ""excellent"", ""improvement_pct"": 68.49}","{""urban"": 52, ""rural"": 31}",2025-01-13 23:00:00,2025-01-13 23:30:00
a5434ce8-aa57-46d3-90be-81a8befe4d5f,f7a44607-915e-4e06-8aa2-70965f34d4d1,PC04,2025-11-19,household,youth,15149,14081,10911,25519,1941,72,170,77.14,4.8,4768,26576.2,6993340.14,43,5,17,"{""before_condition"": ""poor"", ""after_condition"": ""excellent"", ""improvement_pct"": 56.33}","{""urban"": 66, ""rural"": 58}",2025-11-19 23:00:00,2025-11-19 23:30:00
e2d45831-36eb-4557-86a8-8e7a384c7365,072d76a9-7d5d-4655-942b-a9bd78538fa8,PC04,2025-11-01,household,bpl_families,21687,17650,18147,28103,20830,76,271,65.29,3.8,6038,92619.95,45595808.44,35,3,2,"{""before_condition"": ""lacking"", ""after_condition"": ""improved"", ""improvement_pct"": 62.33}","{""urban"": 66, ""rural"": 61}",2025-11-01 23:00:00,2025-11-01 23:30:00
4eb7edfa-44b9-4c29-ba1a-b651bfa7def8,00bd9f30-e430-47b9-b067-96dbb61c6bee,PC04,2025-08-18,community,all_citizens,3938,1270,8430,1983,20056,78,451,66.9,4.6,6687,72805.99,1434980.37,17,1,3,"{""before_condition"": ""inadequate"", ""after_condition"": ""improved"", ""improvement_pct"": 84.72}","{""urban"": 45, ""rural"": 45}",2025-08-18 23:00:00,2025-08-18 23:30:00
5d8b1ce5-803a-43bc-8eb0-78b3e3df50d7,3fc0f1b2-f664-4e3d-8cef-ba4733aedc59,PC04,2025-03-24,individual,all_citizens,28022,5526,7200,10230,27799,76,210,89.0,4.3,948,21523.27,8971287.2,34,8,6,"{""before_condition"": ""lacking"", ""after_condition"": ""improved"", ""improvement_pct"": 55.73}","{""urban"": 56, ""rural"": 58}",2025-03-24 23:00:00,2025-03-24 23:30:00
0bc2deb8-fdce-459a-9eeb-5cfe08617744,5f220cac-5df2-4b19-973c-3157ba2d0f04,PC04,2025-04-17,individual,all_citizens,48877,23049,18277,37699,21910,75,380,67.59,4.2,3533,79063.55,34947844.09,22,4,4,"{""before_condition"": ""poor"", ""after_condition"": ""excellent"", ""improvement_pct"": 66.04}","{""urban"": 66, ""rural"": 42}",2025-04-17 23:00:00,2025-04-17 23:30:00
14ca2f28-87a4-41c4-984c-3f4dfba731d8,56c08725-f9d5-4f81-b037-0f1d8191f951,PC04,2025-08-16,household,youth,34422,6064,5090,37360,18951,88,428,86.31,4.3,58,39068.08,6900543.78,7,8,4,"{""before_condition"": ""lacking"", ""after_condition"": ""excellent"", ""improvement_pct"": 72.47}","{""urban"": 67, ""rural"": 64}",2025-08-16 23:00:00,2025-08-16 23:30:00
77da563e-4326-465f-a296-7a656cb8acf4,8a89836e-1834-4f9f-9ff8-04b7c10ee177,PC04,2025-08-06,community,sc_st,10812,3387,8539,36437,25421,94,411,88.07,3.7,9345,57130.48,5165820.46,25,9,19,"{""before_condition"": ""lacking"", ""after_condition"": ""improved"", ""improvement_pct"": 77.16}","{""urban"": 35, ""rural"": 40}",2025-08-06 23:00:00,2025-08-06 23:30:00
d5e465ef-a7ae-418c-a141-cfb4a37ad7af,ce5e020e-2b69-42f3-8371-0e0b42b6c45a,PC04,2025-07-21,institution,youth,11568,25717,8500,36149,11291,86,459,68.61,3.5,499,36021.99,12291297.5,35,9,10,"{""before_condition"": ""lacking"", ""after_condition"": ""excellent"", ""improvement_pct"": 63.4}","{""urban"": 63, ""rural"": 34}",2025-07-21 23:00:00,2025-07-21 23:30:00
a3cc761a-ea6f-43fa-841c-3f6d559e1c1a,631269cf-02aa-43cd-bc92-85ba0250a8c4,PC05,2025-07-25,individual,farmers,18211,23860,12911,1737,28848,81,273,73.62,4.1,8339,33479.58,22954232.84,47,5,20,"{""before_condition"": ""inadequate"", ""after_condition"": ""improved"", ""improvement_pct"": 61.84}","{""urban"": 47, ""rural"": 33}",2025-07-25 23:00:00,2025-07-25 23:30:00
60267c2a-03f3-435d-9f95-1f36059faeb0,81223761-4d86-4ed6-927a-c70f6ae588f6,PC05,2025-10-16,individual,farmers,46407,24502,15351,969,5560,94,411,88.62,4.2,7297,70304.83,28109785.18,25,7,18,"{""before_condition"": ""lacking"", ""after_condition"": ""excellent"", ""improvement_pct"": 74.03}","{""urban"": 55, ""rural"": 50}",2025-10-16 23:00:00,2025-10-16 23:30:00
5525f340-2737-4ad5-b9f3-e68d482e7a94,1642bf4c-10b5-4f5b-a66d-ad724182d872,PC05,2025-09-18,institution,farmers,30269,4094,15945,2879,12203,80,324,70.25,4.7,8410,16857.11,16680327.05,38,5,19,"{""before_condition"": ""poor"", ""after_condition"": ""good"", ""improvement_pct"": 67.28}","{""urban"": 49, ""rural"": 42}",2025-09-18 23:00:00,2025-09-18 23:30:00
aaf4df37-6a08-4b80-9921-bed71761bc7a,290ce61a-e32a-46aa-bdf6-2fe9de3d5b93,PC05,2025-07-08,household,women,44255,17770,4527,19716,29291,90,171,89.38,4.0,4937,94430.37,3362237.93,25,5,3,"{""before_condition"": ""poor"", ""after_condition"": ""good"", ""improvement_pct"": 64.16}","{""urban"": 47, ""rural"": 45}",2025-07-08 23:00:00,2025-07-08 23:30:00
8e5c6cb5-4dc1-400c-8dad-b4b8aa10905f,16577da0-3cd9-4e5d-b83e-cb3af817ff50,PC05,2025-10-29,community,women,36658,24174,10950,36594,27485,93,143,69.61,4.2,6821,18092.49,44657712.16,29,9,8,"{""before_condition"": ""inadequate"", ""after_condition"": ""excellent"", ""improvement_pct"": 62.17}","{""urban"": 51, ""rural"": 65}",2025-10-29 23:00:00,2025-10-29 23:30:00
f15454c7-79b8-49b5-8c3b-3266fa660903,9c7c261a-8187-4c0d-9e60-c66ffa13d7c3,PC05,2025-07-28,household,bpl_families,23953,3507,12094,9645,25880,77,250,67.36,3.9,5805,85482.59,25134024.22,32,4,12,"{""before_condition"": ""poor"", ""after_condition"": ""improved"", ""improvement_pct"": 69.22}","{""urban"": 46, ""rural"": 68}",2025-07-28 23:00:00,2025-07-28 23:30:00
9d2e7598-2d46-437a-abec-1b426b95a422,777260f0-6975-4e6a-ae26-7f772706716a,PC05,2025-02-14,individual,farmers,25816,16093,17781,11925,8125,88,466,75.5,4.8,4593,18714.15,41999406.8,40,6,7,"{""before_condition"": ""inadequate"", ""after_condition"": ""improved"", ""improvement_pct"": 80.18}","{""urban"": 37, ""rural"": 46}",2025-02-14 23:00:00,2025-02-14 23:30:00
67c80edf-b2a8-4722-bc44-9a5bc28a1ecd,6ce41cbc-39ab-4b88-bda4-a50a42363fb0,PC05,2025-10-03,individual,youth,41329,3428,14126,22535,22476,69,139,87.22,4.4,7737,46683.08,5545362.02,25,8,13,"{""before_condition"": ""poor"", ""after_condition"": ""excellent"", ""improvement_pct"": 59.54}","{""urban"": 51, ""rural"": 59}",2025-10-03 23:00:00,2025-10-03 23:30:00
09fc2b2b-06dd-41b0-9f28-ef1634238735,37763bc4-7821-4bf3-b7cd-7f256327e1b6,PC05,2025-10-23,household,bpl_families,8280,10342,11699,39451,23450,74,316,66.99,4.7,2544,34819.71,46970707.23,41,10,10,"{""before_condition"": ""inadequate"", ""after_condition"": ""improved"", ""improvement_pct"": 63.48}","{""urban"": 56, ""rural"": 51}",2025-10-23 23:00:00,2025-10-23 23:30:00
00bd795b-763a-4357-8931-601ceb5bb42e,dc380494-1206-432e-a354-4e53826ae379,PC05,2025-06-07,community,women,21318,951,10223,20200,3697,73,189,87.87,4.1,8537,19307.83,30442949.18,9,4,7,"{""before_condition"": ""lacking"", ""after_condition"": ""excellent"", ""improvement_pct"": 89.92}","{""urban"": 40, ""rural"": 44}",2025-06-07 23:00:00,2025-06-07 23:30:00
9d4d1395-9199-438b-9a7c-e461ecbc694a,e9c36bd1-c1f9-41ed-8e71-6495c119b5f0,PC06,2025-06-06,household,all_citizens,19497,1033,14230,2428,20927,78,108,77.69,4.3,9891,34961.66,13142775.09,12,2,4,"{""before_condition"": ""inadequate"", ""after_condition"": ""improved"", ""improvement_pct"": 46.99}","{""urban"": 65, ""rural"": 50}",2025-06-06 23:00:00,2025-06-06 23:30:00
6222467d-550b-43c2-ad95-d1d2adf98b49,b7721a8c-1b20-46d4-b077-f70b06bee633,PC06,2025-08-23,individual,farmers,14967,5232,7275,2478,34055,63,290,80.03,3.6,4439,17980.26,21431505.45,11,7,2,"{""before_condition"": ""poor"", ""after_condition"": ""improved"", ""improvement_pct"": 68.25}","{""urban"": 53, ""rural"": 41}",2025-08-23 23:00:00,2025-08-23 23:30:00
ed704db6-25e5-428d-9c64-7b95a4b9f0e8,93e00c84-73a2-40cc-91a1-d3914fca105c,PC06,2025-07-05,household,bpl_families,17463,22549,3026,7922,3115,77,455,88.06,4.7,9891,37943.05,40629785.83,26,1,8,"{""before_condition"": ""poor"", ""after_condition"": ""excellent"", ""improvement_pct"": 65.49}","{""urban"": 62, ""rural"": 42}",2025-07-05 23:00:00,2025-07-05 23:30:00
a2bd9dfc-ce77-4d03-ad5e-aa6cd31e98f6,97ec480e-550f-42de-bcd8-a39afeabef94,PC06,2025-12-06,household,sc_st,5030,16270,2451,10219,6927,77,240,64.66,4.9,6292,75962.77,26617512.01,25,9,14,"{""before_condition"": ""lacking"", ""after_condition"": ""excellent"", ""improvement_pct"": 71.53}","{""urban"": 64, ""rural"": 51}",2025-12-06 23:00:00,2025-12-06 23:30:00
2e464476-18af-4ec9-bd33-4c0b76e11ae0,2685533f-3064-42e4-a818-390443064e78,PC06,2025-04-11,individual,youth,20378,6282,14117,31250,15289,86,71,62.53,3.9,6771,44197.51,11010820.12,39,9,9,"{""before_condition"": ""lacking"", ""after_condition"": ""good"", ""improvement_pct"": 67.21}","{""urban"": 60, ""rural"": 69}",2025-04-11 23:00:00,2025-04-11 23:30:00
298f824e-2cb9-4e08-9341-400ade4df038,56f66468-17e3-4d2b-9fd6-9818069ff3b5,PC06,2025-01-03,institution,minorities,2446,3609,8653,15091,6323,66,77,65.22,4.8,7485,45296.97,13633587.75,43,8,6,"{""before_condition"": ""lacking"", ""after_condition"": ""good"", ""improvement_pct"": 58.46}","{""urban"": 32, ""rural"": 54}",2025-01-03 23:00:00,2025-01-03 23:30:00
6e41bf39-bed9-4f37-bc56-cbdf5b99d1b6,dd77c766-8004-4da5-8596-14c900b479a2,PC06,2025-08-09,institution,bpl_families,20942,12798,13323,4214,24756,73,101,87.86,4.4,3620,47132.14,6971187.89,31,10,15,"{""before_condition"": ""lacking"", ""after_condition"": ""improved"", ""improvement_pct"": 69.7}","{""urban"": 38, ""rural"": 45}",2025-08-09 23:00:00,2025-08-09 23:30:00
9fb9c468-0148-4f5b-86ee-98e695a94137,234bca03-c0cf-4acf-a2a6-f4e70931b011,PC06,2025-05-05,community,women,19064,8818,1297,12212,14584,62,129,88.63,4.2,8052,32658.46,10278941.53,20,2,8,"{""before_condition"": ""poor"", ""after_condition"": ""improved"", ""improvement_pct"": 46.74}","{""urban"": 49, ""rural"": 33}",2025-05-05 23:00:00,2025-05-05 23:30:00
6d57ab8e-a705-4af0-885a-af6f73c1e873,f433809f-f527-46a3-9db4-9f1421e5d8ea,PC06,2025-12-19,individual,minorities,35038,29982,2160,34118,5414,92,465,63.61,3.7,5922,90989.89,39924554.49,38,4,5,"{""before_condition"": ""poor"", ""after_condition"": ""excellent"", ""improvement_pct"": 42.26}","{""urban"": 33, ""rural"": 52}",2025-12-19 23:00:00,2025-12-19 23:30:00
d24a41f6-f9fa-4fcc-b661-b98086629cdc,d84a3149-a80a-4a58-b169-b7cc77900046,PC06,2025-04-06,household,bpl_families,40929,13687,18699,24631,32631,91,256,86.48,4.3,8703,81250.39,42938521.9,19,6,16,"{""before_condition"": ""lacking"", ""after_condition"": ""improved"", ""improvement_pct"": 78.68}","{""urban"": 58, ""rural"": 47}",2025-04-06 23:00:00,2025-04-06 23:30:00
876fedd5-2b72-4ab9-b22c-1a59b36d995e,e879ea02-2728-49fe-a73f-d35143a9dab7,PC06,2025-01-02,institution,all_citizens,5703,12540,13715,7168,8298,91,399,63.44,3.9,1548,33227.35,12047285.96,34,8,3,"{""before_condition"": ""poor"", ""after_condition"": ""excellent"", ""improvement_pct"": 64.59}","{""urban"": 62, ""rural"": 70}",2025-01-02 23:00:00,2025-01-02 23:30:00
9d861671-399e-40af-bb5c-e40e3f02ebfc,2aaee970-f2df-4d26-a64e-85d19be9761d,PC06,2025-04-27,community,youth,5567,25445,6552,19284,25699,74,225,82.4,4.1,6202,54301.35,44934272.14,25,5,6,"{""before_condition"": ""inadequate"", ""after_condition"": ""improved"", ""improvement_pct"": 61.31}","{""urban"": 60, ""rural"": 38}",2025-04-27 23:00:00,2025-04-27 23:30:00
15b7f7c0-7b34-44c6-89ac-f739caddbec8,23e5f0b3-cebf-4433-9c2e-fa10a4f842cd,PC06,2025-04-10,individual,minorities,17951,11411,10684,39724,17640,62,411,60.01,4.5,9802,34944.85,18866446.53,34,5,12,"{""before_condition"": ""inadequate"", ""after_condition"": ""good"", ""improvement_pct"": 78.69}","{""urban"": 54, ""rural"": 67}",2025-04-10 23:00:00,2025-04-10 23:30:00
3be948de-0523-4c2c-8110-097b952f1385,01d5ef61-2f6a-41dd-be56-6130a6916404,PC06,2025-12-19,institution,women,26272,13648,13426,17597,5043,68,321,77.39,3.8,1794,12023.74,35378077.74,50,2,9,"{""before_condition"": ""inadequate"", ""after_condition"": ""excellent"", ""improvement_pct"": 87.02}","{""urban"": 57, ""rural"": 60}",2025-12-19 23:00:00,2025-12-19 23:30:00
0199560f-0aa9-4d0d-a6b8-39938f14ddbe,f4500c78-984f-4918-8769-04f9cc4c1eaa,PC06,2025-01-05,community,sc_st,37636,26331,1810,26918,25002,95,483,78.81,3.7,5456,38138.31,17947007.43,5,1,2,"{""before_condition"": ""lacking"", ""after_condition"": ""excellent"", ""improvement_pct"": 78.78}","{""urban"": 69, ""rural"": 60}",2025-01-05 23:00:00,2025-01-05 23:30:00
1472c2a2-0482-490d-9aab-6608c9550493,cb115650-ecb1-4b4f-86f8-98f204c3a926,PC06,2025-03-24,individual,sc_st,3534,19728,16313,7288,1296,72,173,69.77,4.8,2159,67083.07,38603507.74,10,3,10,"{""before_condition"": ""lacking"", ""after_condition"": ""improved"", ""improvement_pct"": 61.66}","{""urban"": 62, ""rural"": 39}",2025-03-24 23:00:00,2025-03-24 23:30:00
4391c7a4-b61f-4fd9-9c77-adcf2f456fd3,c2a02a58-3e69-4346-81e3-2fbc67cd3127,PC07,2025-07-16,household,bpl_families,23241,22065,14689,35500,16495,72,167,63.1,5.0,781,38819.52,8830666.46,42,1,17,"{""before_condition"": ""poor"", ""after_condition"": ""improved"", ""improvement_pct"": 71.56}","{""urban"": 35, ""rural"": 40}",2025-07-16 23:00:00,2025-07-16 23:30:00
6cbb25af-dc67-4770-a904-a5e0e1375a45,5d3d06ce-a03e-4fc8-ab21-399409ec6b29,PC07,2025-07-01,community,minorities,4313,16744,9302,22972,26040,62,258,67.05,3.7,6533,85014.43,8482043.54,49,4,11,"{""before_condition"": ""poor"", ""after_condition"": ""improved"", ""improvement_pct"": 52.33}","{""urban"": 58, ""rural"": 30}",2025-07-01 23:00:00,2025-07-01 23:30:00
df42cc57-5e1e-4733-9aa6-9eec355d6feb,2b8264ec-eedb-4738-b0e8-fed34df5504d,PC07,2025-09-30,institution,women,12087,21460,15226,35653,28360,94,298,73.04,3.9,6851,65707.11,2858551.41,18,9,8,"{""before_condition"": ""inadequate"", ""after_condition"": ""excellent"", ""improvement_pct"": 40.69}","{""urban"": 32, ""rural"": 70}",2025-09-30 23:00:00,2025-09-30 23:30:00
cd03697f-5cab-4ac3-8157-999277def480,883a9279-4a30-4d30-90fa-c3a32d2d8ffe,PC07,2025-04-21,household,sc_st,37380,1088,2835,30482,22619,81,56,87.63,4.2,7708,63542.97,7746976.27,38,10,4,"{""before_condition"": ""inadequate"", ""after_condition"": ""improved"", ""improvement_pct"": 71.85}","{""urban"": 64, ""rural"": 35}",2025-04-21 23:00:00,2025-04-21 23:30:00
b10aa82b-803a-4371-96d2-cc387f7478c3,ddf35226-5170-4133-a150-304bbf2a1a9c,PC07,2025-11-10,institution,farmers,37338,16926,13307,37666,21121,74,404,65.91,3.9,5389,9240.2,849676.21,41,5,19,"{""before_condition"": ""lacking"", ""after_condition"": ""good"", ""improvement_pct"": 61.47}","{""urban"": 45, ""rural"": 50}",2025-11-10 23:00:00,2025-11-10 23:30:00
6ed6204d-b74f-4d09-a06a-e43c2abee9a8,db5112e8-71dd-40dc-9ccb-a65b504b35da,PC07,2025-02-26,individual,sc_st,32282,20087,14046,24198,16157,84,498,83.81,4.2,3110,31214.24,7130164.27,48,2,18,"{""before_condition"": ""poor"", ""after_condition"": ""excellent"", ""improvement_pct"": 75.6}","{""urban"": 39, ""rural"": 60}",2025-02-26 23:00:00,2025-02-26 23:30:00
d3c9975f-2eb7-4c30-8f77-5af6c234fd30,d9149cab-9e2d-4ad5-8c18-b5e2311f8cd9,PC07,2025-05-02,community,youth,37919,1701,10451,11950,27817,90,282,78.59,4.1,6146,67589.91,26385144.57,13,10,7,"{""before_condition"": ""inadequate"", ""after_condition"": ""excellent"", ""improvement_pct"": 77.38}","{""urban"": 31, ""rural"": 69}",2025-05-02 23:00:00,2025-05-02 23:30:00
9edf5441-3b13-4657-a2fa-11ed64e4d3e1,9f744f0c-6dc1-4232-972e-efe1a1e58e05,PC07,2025-04-22,household,farmers,1052,24304,7224,28632,17618,92,414,74.43,4.5,8656,39216.14,2455077.53,34,3,8,"{""before_condition"": ""inadequate"", ""after_condition"": ""good"", ""improvement_pct"": 44.82}","{""urban"": 57, ""rural"": 45}",2025-04-22 23:00:00,2025-04-22 23:30:00
9a908600-333f-4393-82dc-b4c9d495319f,259af3ea-7a37-46f3-8ed8-6e0c69e145ff,PC07,2025-08-20,individual,youth,8363,21852,5428,10611,23886,82,316,89.18,4.7,3910,37715.9,47467456.24,30,6,20,"{""before_condition"": ""poor"", ""after_condition"": ""improved"", ""improvement_pct"": 77.6}","{""urban"": 35, ""rural"": 49}",2025-08-20 23:00:00,2025-08-20 23:30:00
810067df-408e-4c12-bc55-cea8e4da9c31,5ec1d370-d109-4d79-96c0-579bd3fee41f,PC07,2025-02-13,household,sc_st,37527,15548,7720,2814,2123,66,387,69.29,4.7,7576,43148.4,22373450.89,24,6,10,"{""before_condition"": ""inadequate"", ""after_condition"": ""improved"", ""improvement_pct"": 64.17}","{""urban"": 34, ""rural"": 49}",2025-02-13 23:00:00,2025-02-13 23:30:00
c7c8f479-d4f4-472b-ba7d-2412121d4bc0,98324840-bce8-4548-8c11-ba329cf584e6,PC07,2025-06-06,community,youth,21057,16636,12765,18965,8634,88,232,60.63,3.5,4073,62073.24,1526677.82,48,3,11,"{""before_condition"": ""poor"", ""after_condition"": ""improved"", ""improvement_pct"": 40.23}","{""urban"": 68, ""rural"": 66}",2025-06-06 23:00:00,2025-06-06 23:30:00
281844fe-588b-4583-8d94-21c5bac133d7,585c7659-6741-46a8-825c-1a4276f24fe8,PC07,2025-03-24,household,minorities,19654,1621,6486,31700,27537,77,429,67.16,3.7,96,52053.06,20971983.67,29,3,13,"{""before_condition"": ""inadequate"", ""after_condition"": ""excellent"", ""improvement_pct"": 49.65}","{""urban"": 45, ""rural"": 45}",2025-03-24 23:00:00,2025-03-24 23:30:00
a0fde2a5-e5b1-4d70-93db-bf83e7c121bd,36d055be-33c8-4b06-87d7-6c1bbfcf6e07,PC07,2025-05-18,individual,sc_st,44126,10904,17993,22353,11137,90,143,65.78,4.3,9743,42521.41,47352986.02,43,9,14,"{""before_condition"": ""poor"", ""after_condition"": ""improved"", ""improvement_pct"": 44.33}","{""urban"": 38, ""rural"": 31}",2025-05-18 23:00:00,2025-05-18 23:30:00
1458b775-f54f-4398-8aac-5d75cf300484,ee1bda5c-45de-441e-9d56-54a3bf1ff8a1,PC07,2025-08-21,institution,sc_st,13058,12439,16098,36660,33726,69,248,82.72,3.8,1697,67603.13,11954178.74,31,1,12,"{""before_condition"": ""lacking"", ""after_condition"": ""improved"", ""improvement_pct"": 45.34}","{""urban"": 39, ""rural"": 58}",2025-08-21 23:00:00,2025-08-21 23:30:00
fbafd856-0312-46f0-b81b-6389f6b991c0,aca6888c-fe26-4fcb-8977-26887eee2e3c,PC07,2025-05-19,community,sc_st,23189,18253,7961,27169,1089,88,295,83.76,3.9,3803,80492.63,35633355.37,29,7,14,"{""before_condition"": ""lacking"", ""after_condition"": ""improved"", ""improvement_pct"": 72.31}","{""urban"": 38, ""rural"": 48}",2025-05-19 23:00:00,2025-05-19 23:30:00
51e86430-c5c0-42b9-afea-f745db5e3ba8,747b87f1-d94d-4e4a-b46f-6042035d9dcc,PC08,2025-03-24,institution,sc_st,15569,8391,6441,12626,2260,94,458,72.31,3.6,3854,43523.35,12857472.35,34,5,8,"{""before_condition"": ""lacking"", ""after_condition"": ""good"", ""improvement_pct"": 89.72}","{""urban"": 69, ""rural"": 48}",2025-03-24 23:00:00,2025-03-24 23:30:00
449fa6c5-3841-41c4-b5df-6cf78f186459,744c8298-f2ce-4ebe-bc7b-583a403fa0e6,PC08,2025-12-20,individual,sc_st,23626,10111,9143,5980,13426,81,418,87.33,4.4,2486,45339.56,37749589.75,31,1,10,"{""before_condition"": ""lacking"", ""after_condition"": ""excellent"", ""improvement_pct"": 75.13}","{""urban"": 45, ""rural"": 69}",2025-12-20 23:00:00,2025-12-20 23:30:00
6ca26a25-7737-491c-bbce-9969b517007d,736ec674-1801-43f1-ad16-15c0a9d18ee8,PC08,2025-08-02,community,bpl_families,38146,24243,10337,33094,30003,62,212,86.53,4.2,4354,18704.68,40100725.6,6,5,7,"{""before_condition"": ""poor"", ""after_condition"": ""excellent"", ""improvement_pct"": 83.75}","{""urban"": 69, ""rural"": 70}",2025-08-02 23:00:00,2025-08-02 23:30:00
4655db55-1f31-4059-a50f-8773f04f7ed4,3fe413e1-7f3c-42fb-a226-b2fa071d5bd1,PC08,2025-05-31,household,sc_st,43378,27211,1203,18079,21494,85,287,61.6,5.0,3757,80117.95,7510252.85,44,1,17,"{""before_condition"": ""lacking"", ""after_condition"": ""excellent"", ""improvement_pct"": 51.17}","{""urban"": 35, ""rural"": 61}",2025-05-31 23:00:00,2025-05-31 23:30:00
83b1ca5f-8be9-4714-bd4d-f1ae408c4814,0b085cc6-2fa9-4688-86dd-2ec95179a7c8,PC08,2025-02-24,institution,all_citizens,48363,16406,18884,17779,34301,93,233,88.78,4.1,443,5915.33,43675798.57,14,9,17,"{""before_condition"": ""inadequate"", ""after_condition"": ""improved"", ""improvement_pct"": 85.8}","{""urban"": 59, ""rural"": 34}",2025-02-24 23:00:00,2025-02-24 23:30:00
75898c89-5747-4d53-9c4d-5292b0f4a7e8,b8a433cd-d120-48b2-a148-437bfc44ec61,PC08,2025-09-23,household,minorities,29033,6409,10815,19077,13159,90,134,84.46,4.5,8025,45697.42,11840018.54,6,2,2,"{""before_condition"": ""poor"", ""after_condition"": ""excellent"", ""improvement_pct"": 75.74}","{""urban"": 57, ""rural"": 56}",2025-09-23 23:00:00,2025-09-23 23:30:00
1caa3880-9f0a-40ee-a1ce-f1ebe0e96a61,0f234855-b240-4439-9504-f2f0cc91e923,PC08,2025-12-10,household,minorities,37688,13929,4570,39842,4964,63,379,64.27,4.0,2804,66486.18,6086922.02,7,1,7,"{""before_condition"": ""poor"", ""after_condition"": ""improved"", ""improvement_pct"": 44.03}","{""urban"": 48, ""rural"": 65}",2025-12-10 23:00:00,2025-12-10 23:30:00
27791ff0-42ba-4a5d-a9d8-b465100498fc,b0dff811-7e4a-474f-9161-c6a648ce856f,PC08,2025-10-13,community,bpl_families,47847,5471,13131,26139,31516,94,491,66.85,4.2,8332,76011.82,5147169.31,42,1,16,"{""before_condition"": ""lacking"", ""after_condition"": ""good"", ""improvement_pct"": 61.73}","{""urban"": 67, ""rural"": 41}",2025-10-13 23:00:00,2025-10-13 23:30:00
224263eb-9282-461b-93fc-02f4165ddb52,91d9aff2-596f-4dda-8f8b-379ceadfb06c,PC08,2025-09-04,household,women,12228,10236,14805,30124,26203,83,315,81.21,3.7,3731,53722.6,33571424.13,42,8,10,"{""before_condition"": ""lacking"", ""after_condition"": ""good"", ""improvement_pct"": 70.7}","{""urban"": 63, ""rural"": 35}",2025-09-04 23:00:00,2025-09-04 23:30:00
27d9a3f8-487b-4bef-b63f-53e339bc3899,03e384d4-97a9-4890-8d09-6fe477e15cc6,PC08,2025-05-09,individual,all_citizens,15216,28175,17411,39970,30954,91,98,62.25,4.6,1804,98715.83,31742036.05,37,7,20,"{""before_condition"": ""lacking"", ""after_condition"": ""good"", ""improvement_pct"": 89.08}","{""urban"": 52, ""rural"": 31}",2025-05-09 23:00:00,2025-05-09 23:30:00
2f1653b1-8b46-4b7e-883c-06daa6a2c1f5,59844e96-edde-4625-9493-55c5659e7bd2,PC08,2025-01-04,institution,women,9961,3095,18633,31374,34447,73,425,74.24,4.7,7846,6012.67,22812828.79,19,10,19,"{""before_condition"": ""inadequate"", ""after_condition"": ""good"", ""improvement_pct"": 80.4}","{""urban"": 42, ""rural"": 53}",2025-01-04 23:00:00,2025-01-04 23:30:00
e0d2aecb-659c-42dc-8e74-aaca0a4705db,e3a627db-b9eb-4bb2-980c-934bf60473c6,PC08,2025-01-11,community,sc_st,34962,25320,8128,188,30745,76,152,82.38,3.8,88,32069.27,34804744.03,12,2,13,"{""before_condition"": ""inadequate"", ""after_condition"": ""excellent"", ""improvement_pct"": 65.95}","{""urban"": 52, ""rural"": 35}",2025-01-11 23:00:00,2025-01-11 23:30:00
4f023fa7-196c-43de-bc5c-5913acbd7804,99fd8f0a-f879-4784-bb0e-5d10e42da7e4,PC08,2025-02-07,individual,all_citizens,27837,5196,834,27365,8428,87,90,74.21,3.5,3753,43428.41,41517061.11,9,4,12,"{""before_condition"": ""inadequate"", ""after_condition"": ""improved"", ""improvement_pct"": 59.46}","{""urban"": 69, ""rural"": 32}",2025-02-07 23:00:00,2025-02-07 23:30:00
422b41e2-02e8-4dcc-92d4-b866f11c7029,0ab7d951-4ae2-44c7-889d-8883024821d8,PC08,2025-01-13,individual,women,45249,29022,7849,23645,25772,74,187,85.33,4.9,8155,51782.62,36407122.9,32,5,13,"{""before_condition"": ""inadequate"", ""after_condition"": ""improved"", ""improvement_pct"": 79.05}","{""urban"": 42, ""rural"": 37}",2025-01-13 23:00:00,2025-01-13 23:30:00
77273ada-0fe0-4c75-a262-a03f8176a179,453f7399-ce44-4b89-b1c6-e2ed93025615,PC09,2025-04-25,individual,all_citizens,45912,12510,13094,18525,7784,85,188,71.45,5.0,8616,92915.82,11078796.49,25,7,14,"{""before_condition"": ""lacking"", ""after_condition"": ""improved"", ""improvement_pct"": 50.39}","{""urban"": 57, ""rural"": 34}",2025-04-25 23:00:00,2025-04-25 23:30:00
2ead54ee-f50a-4879-bb7a-1e4d696c57d7,e5e2155e-1343-4cc1-96a7-d21d40cdcae7,PC09,2025-10-12,household,women,40814,8060,12005,7133,150,61,26,80.33,4.2,8404,23248.2,21963105.56,21,5,9,"{""before_condition"": ""poor"", ""after_condition"": ""excellent"", ""improvement_pct"": 79.25}","{""urban"": 51, ""rural"": 46}",2025-10-12 23:00:00,2025-10-12 23:30:00
83d49a4f-1c0a-475f-aed8-6f8b5140af9f,c4ee0bf0-54fd-4cba-8499-c6c62876b829,PC09,2025-01-01,individual,women,36380,11314,17247,9749,7342,85,251,74.46,4.6,7332,87859.02,30750524.69,41,6,14,"{""before_condition"": ""poor"", ""after_condition"": ""good"", ""improvement_pct"": 84.35}","{""urban"": 39, ""rural"": 70}",2025-01-01 23:00:00,2025-01-01 23:30:00
4c776152-6fe2-4926-b158-f0cfd385e58b,6c16ddfe-358b-46ad-a203-5b575f0408b6,PC09,2025-05-30,household,sc_st,45383,10885,10470,22282,18920,61,194,86.88,4.5,2584,9978.63,10946810.56,28,8,20,"{""before_condition"": ""poor"", ""after_condition"": ""improved"", ""improvement_pct"": 58.69}","{""urban"": 38, ""rural"": 60}",2025-05-30 23:00:00,2025-05-30 23:30:00
674d4b48-e17e-4175-bb4c-24b7091638ed,4f0453fc-c10d-4aa2-9dad-9b9386c8d2f8,PC09,2025-06-03,household,minorities,29651,16685,15609,39257,31694,92,190,79.94,4.1,8550,28783.6,21873095.42,34,2,8,"{""before_condition"": ""poor"", ""after_condition"": ""improved"", ""improvement_pct"": 65.68}","{""urban"": 44, ""rural"": 64}",2025-06-03 23:00:00,2025-06-03 23:30:00
2133b6c7-f379-4fda-aadd-087d31b6be16,f3ed0a41-38c0-4123-9f32-709f266b182d,PC09,2025-05-15,household,youth,41462,24424,18844,9203,12317,87,210,78.99,3.7,1301,13872.44,1671349.49,6,3,5,"{""before_condition"": ""poor"", ""after_condition"": ""good"", ""improvement_pct"": 43.47}","{""urban"": 57, ""rural"": 62}",2025-05-15 23:00:00,2025-05-15 23:30:00
b8bd7aa1-3b6f-4d00-912a-68cdbcb01770,e2291514-d21e-4949-8553-cdfa89c0a0a2,PC09,2025-08-31,community,minorities,48006,8804,16819,19333,32673,75,73,72.3,3.9,1700,85997.07,24229293.16,11,1,13,"{""before_condition"": ""poor"", ""after_condition"": ""excellent"", ""improvement_pct"": 81.16}","{""urban"": 61, ""rural"": 68}",2025-08-31 23:00:00,2025-08-31 23:30:00
9415c773-9957-4554-9961-1166d0c69785,039ec52e-dbc3-49d8-a254-4d191ba0a8e2,PC09,2025-01-29,individual,sc_st,26807,12582,3673,20488,30575,70,58,63.11,3.9,5956,97170.13,49087912.13,18,1,15,"{""before_condition"": ""poor"", ""after_condition"": ""improved"", ""improvement_pct"": 78.39}","{""urban"": 38, ""rural"": 41}",2025-01-29 23:00:00,2025-01-29 23:30:00
95fd591d-1b2f-4724-a221-2e92324dd759,e3258d71-ba27-401e-9153-bb5056578479,PC09,2025-07-12,household,women,47793,27203,15469,1628,17571,94,265,77.42,4.8,1702,33796.46,12294796.99,31,7,17,"{""before_condition"": ""lacking"", ""after_condition"": ""excellent"", ""improvement_pct"": 41.46}","{""urban"": 32, ""rural"": 63}",2025-07-12 23:00:00,2025-07-12 23:30:00
362bfbd2-debb-4418-a0df-b0db950c18ba,bff35430-271c-4b26-a768-fb8aa1fcf108,PC09,2025-06-21,individual,farmers,25989,24881,10812,39456,5732,74,31,85.0,4.5,9268,34631.19,12343843.88,35,1,20,"{""before_condition"": ""poor"", ""after_condition"": ""excellent"", ""improvement_pct"": 58.07}","{""urban"": 45, ""rural"": 47}",2025-06-21 23:00:00,2025-06-21 23:30:00
806c6a74-9e13-455c-8b8f-56690e808342,a358ff66-9890-46ca-be30-c0c5744c7860,PC09,2025-06-14,household,youth,35036,24979,12490,24126,25367,86,326,89.26,4.2,1324,47341.39,21396982.33,7,4,20,"{""before_condition"": ""inadequate"", ""after_condition"": ""excellent"", ""improvement_pct"": 66.97}","{""urban"": 59, ""rural"": 39}",2025-06-14 23:00:00,2025-06-14 23:30:00
ebc8fdbc-4f88-4470-97ed-9b93f139fcc2,5ec0e740-2f32-4d28-8640-ccae3e0f6256,PC09,2025-05-10,institution,women,38081,14415,1262,22052,19527,82,326,85.04,4.0,5245,45873.9,41595913.53,26,2,3,"{""before_condition"": ""inadequate"", ""after_condition"": ""improved"", ""improvement_pct"": 88.33}","{""urban"": 44, ""rural"": 32}",2025-05-10 23:00:00,2025-05-10 23:30:00
17583a95-c9f3-417b-b8ca-c8c2af72592f,de663308-172f-488b-a427-e8f7e9645e5b,PC09,2025-03-21,institution,farmers,14408,10078,10518,26892,26877,80,248,82.98,3.5,316,57219.02,23010045.14,16,2,8,"{""before_condition"": ""poor"", ""after_condition"": ""good"", ""improvement_pct"": 52.84}","{""urban"": 57, ""rural"": 65}",2025-03-21 23:00:00,2025-03-21 23:30:00
220f22a1-78f3-41bf-83bd-176f5ec0246a,c56f7472-bffc-4a38-9af8-ecd215281145,PC09,2025-05-23,community,farmers,16518,15076,15442,11244,10404,91,295,71.66,3.7,7481,41961.66,46007666.87,10,8,3,"{""before_condition"": ""inadequate"", ""after_condition"": ""improved"", ""improvement_pct"": 64.59}","{""urban"": 62, ""rural"": 52}",2025-05-23 23:00:00,2025-05-23 23:30:00
6f9b2891-a82d-4cec-a77b-a42ffce5f565,92aa5ce1-6211-4821-b599-4cb6915610c7,PC09,2025-04-26,household,minorities,32442,7672,4824,32577,15545,62,378,80.61,4.9,2030,5301.33,45374812.24,16,4,3,"{""before_condition"": ""poor"", ""after_condition"": ""improved"", ""improvement_pct"": 68.75}","{""urban"": 43, ""rural"": 51}",2025-04-26 23:00:00,2025-04-26 23:30:00
e950507b-64d6-4a49-ab14-ee3a49aec662,3bc5bb36-6dfe-4022-aeab-a90fd1881d6b,PC09,2025-05-23,community,bpl_families,47676,28899,10042,13063,29462,80,290,70.86,5.0,5071,20661.01,3020081.45,11,2,13,"{""before_condition"": ""poor"", ""after_condition"": ""good"", ""improvement_pct"": 51.74}","{""urban"": 46, ""rural"": 33}",2025-05-23 23:00:00,2025-05-23 23:30:00
47f0eb68-8257-452b-9b50-7e16c401c10d,ba2b0256-5581-4971-a6d0-3762f2c67970,PC09,2025-02-13,institution,sc_st,2287,14452,9756,18642,33450,63,54,73.98,4.6,689,7738.49,45187454.28,15,5,13,"{""before_condition"": ""lacking"", ""after_condition"": ""improved"", ""improvement_pct"": 45.68}","{""urban"": 57, ""rural"": 65}",2025-02-13 23:00:00,2025-02-13 23:30:00
3c3928ba-2cd5-4d97-8f1f-fad7f3f48355,9255be0a-f17d-4127-a627-41e22b13fd4b,PC10,2025-05-25,household,farmers,48360,21848,16069,9036,9314,60,96,81.58,4.2,8092,8784.25,4956397.07,47,7,6,"{""before_condition"": ""inadequate"", ""after_condition"": ""improved"", ""improvement_pct"": 67.48}","{""urban"": 50, ""rural"": 68}",2025-05-25 23:00:00,2025-05-25 23:30:00
e63fd9b3-72d1-4792-baa1-2245783377c4,862bdaae-9c28-484b-af3c-8b0770959a38,PC10,2025-05-04,household,youth,48273,21987,12463,1550,27223,92,296,71.24,3.9,3462,23868.24,29898526.63,19,1,7,"{""before_condition"": ""poor"", ""after_condition"": ""excellent"", ""improvement_pct"": 63.65}","{""urban"": 57, ""rural"": 32}",2025-05-04 23:00:00,2025-05-04 23:30:00
8f303e53-a2a4-4db1-ae0f-335eb0e1ca3f,27f55003-9d88-4e9b-8e6f-27e9cbed7ea0,PC10,2025-11-16,individual,youth,9293,8148,12899,5888,33077,76,306,83.13,4.7,7575,74472.1,41439313.21,33,4,9,"{""before_condition"": ""poor"", ""after_condition"": ""good"", ""improvement_pct"": 59.06}","{""urban"": 32, ""rural"": 54}",2025-11-16 23:00:00,2025-11-16 23:30:00
9171b129-aa0d-42cc-be16-366cca375cb2,4031444c-0a71-4e95-bf05-9e90c7822933,PC10,2025-08-23,household,minorities,45970,28165,12956,26716,27745,91,228,88.88,4.5,7305,38750.27,28490400.95,8,6,4,"{""before_condition"": ""lacking"", ""after_condition"": ""improved"", ""improvement_pct"": 50.76}","{""urban"": 66, ""rural"": 44}",2025-08-23 23:00:00,2025-08-23 23:30:00
01858b47-d008-4275-aa4e-f6d32a4328bb,6c84afb4-7e20-42fa-a3cc-e1171181ba5f,PC10,2025-10-13,community,bpl_families,42832,26050,17869,25802,858,88,275,81.83,4.4,3068,41814.23,21914934.88,26,1,7,"{""before_condition"": ""inadequate"", ""after_condition"": ""improved"", ""improvement_pct"": 54.67}","{""urban"": 35, ""rural"": 60}",2025-10-13 23:00:00,2025-10-13 23:30:00
5ab80cd6-0eaa-4b2c-98ba-3b93c29612c8,d8b56ee8-e448-44ae-a16b-a1de107fa1f3,PC10,2025-12-15,institution,minorities,47350,4318,6014,14832,29016,83,197,78.17,4.5,8628,15602.0,48360191.79,28,6,6,"{""before_condition"": ""inadequate"", ""after_condition"": ""improved"", ""improvement_pct"": 63.34}","{""urban"": 42, ""rural"": 58}",2025-12-15 23:00:00,2025-12-15 23:30:00
78aa9173-b9ab-434d-a285-1af5e7392027,cec920cf-7aa6-4d13-9da7-f000f91c98c4,PC10,2025-12-27,household,minorities,20190,12017,13107,17730,10123,71,218,82.86,4.1,5877,40855.22,27916410.93,47,6,12,"{""before_condition"": ""inadequate"", ""after_condition"": ""excellent"", ""improvement_pct"": 68.35}","{""urban"": 59, ""rural"": 66}",2025-12-27 23:00:00,2025-12-27 23:30:00
a60928bd-b8e9-48ad-a4bd-ea3f5941569f,e916736b-e952-48ce-af9b-8f2f6df976fd,PC10,2025-03-31,community,farmers,796,10436,10666,20160,114,74,389,62.0,4.5,8837,88138.26,17301256.49,7,4,19,"{""before_condition"": ""inadequate"", ""after_condition"": ""excellent"", ""improvement_pct"": 77.39}","{""urban"": 46, ""rural"": 30}",2025-03-31 23:00:00,2025-03-31 23:30:00
cd833155-2a58-4d9e-8f09-0283d5879e92,0e0532a7-adac-4985-90e0-b52dc8c1cac0,PC10,2025-02-21,institution,minorities,44261,12183,5006,5078,8725,67,236,66.83,4.9,4941,77892.13,19289507.44,46,6,7,"{""before_condition"": ""poor"", ""after_condition"": ""good"", ""improvement_pct"": 55.14}","{""urban"": 39, ""rural"": 57}",2025-02-21 23:00:00,2025-02-21 23:30:00
846a1a4f-4726-4db1-bab1-22db7da0e448,48b12b6b-1ecf-4c81-a9f4-891a07bbec2e,PC10,2025-03-29,institution,farmers,32742,2793,8630,21656,5140,68,40,69.38,3.8,7071,27257.66,18526459.33,20,1,3,"{""before_condition"": ""inadequate"", ""after_condition"": ""improved"", ""improvement_pct"": 43.51}","{""urban"": 52, ""rural"": 43}",2025-03-29 23:00:00,2025-03-29 23:30:00
50a305c6-cf6f-4e21-aff5-af59a7dd6bc0,11f93f77-e125-4201-b950-59c5e90d3a6b,PC10,2025-10-16,individual,minorities,1815,7557,9513,26431,15237,95,275,86.55,3.6,5231,56255.98,44218708.16,38,6,20,"{""before_condition"": ""poor"", ""after_condition"": ""excellent"", ""improvement_pct"": 70.17}","{""urban"": 36, ""rural"": 41}",2025-10-16 23:00:00,2025-10-16 23:30:00
6f505e6f-78b8-4122-8b1e-16f92b73e7e8,b7f37c3b-b302-4166-93f6-bbfab14ca15d,PC10,2025-03-03,individual,sc_st,19503,9576,6803,2707,10946,95,300,81.23,4.2,821,89623.45,22907923.34,43,4,7,"{""before_condition"": ""inadequate"", ""after_condition"": ""excellent"", ""improvement_pct"": 76.6}","{""urban"": 49, ""rural"": 52}",2025-03-03 23:00:00,2025-03-03 23:30:00
b818cbf1-c586-4d48-afe0-721a4a631210,dbdacc61-2fc3-4d61-b54e-661f1ad80e10,PC10,2025-01-15,household,minorities,1736,14777,14528,18700,21412,84,77,88.38,4.0,3259,51166.5,25441944.16,20,4,4,"{""before_condition"": ""poor"", ""after_condition"": ""good"", ""improvement_pct"": 89.05}","{""urban"": 33, ""rural"": 63}",2025-01-15 23:00:00,2025-01-15 23:30:00
42224c3e-588f-4ab8-b5ba-901ea75b787a,e43f27c7-4279-4b1a-880e-fbf9a00928e9,PC10,2025-05-29,institution,farmers,2052,19622,4946,23343,26229,89,389,60.5,5.0,9175,34296.55,3295474.42,10,4,13,"{""before_condition"": ""poor"", ""after_condition"": ""excellent"", ""improvement_pct"": 42.22}","{""urban"": 70, ""rural"": 32}",2025-05-29 23:00:00,2025-05-29 23:30:00
0f2e9752-afa4-4083-bda9-60ce9bd36499,63fbf50d-1305-4587-8798-50e572194f5e,PC10,2025-12-15,institution,farmers,1971,5482,19502,36984,19483,80,103,71.27,4.2,1064,55271.42,3495017.87,44,10,10,"{""before_condition"": ""poor"", ""after_condition"": ""good"", ""improvement_pct"": 40.26}","{""urban"": 34, ""rural"": 33}",2025-12-15 23:00:00,2025-12-15 23:30:00
7ec72b72-81d5-4698-9349-7aa2db387511,aae1f9bf-f165-4546-b9d8-a2476b1d489c,PC10,2025-08-02,institution,sc_st,34795,11399,17148,37252,26072,80,431,80.1,4.6,8999,61164.35,6792392.4,23,6,14,"{""before_condition"": ""poor"", ""after_condition"": ""good"", ""improvement_pct"": 72.04}","{""urban"": 32, ""rural"": 31}",2025-08-02 23:00:00,2025-08-02 23:30:00
8ad3bc1a-5161-4603-8917-de9a889f76c4,b78de766-264b-472f-83f0-c57f0fadeb51,PC11,2025-10-25,community,all_citizens,7437,18462,1599,15269,4858,90,222,72.87,5.0,6554,76413.11,35227485.07,39,7,3,"{""before_condition"": ""lacking"", ""after_condition"": ""improved"", ""improvement_pct"": 48.24}","{""urban"": 63, ""rural"": 51}",2025-10-25 23:00:00,2025-10-25 23:30:00
a1990bab-7a9b-4572-8504-686e8b26bbb6,767b1360-229c-411a-8bc5-146bf477ae00,PC11,2025-12-18,community,bpl_families,12838,19176,11685,13756,7023,79,173,81.64,4.5,3275,60605.05,27566946.5,25,5,10,"{""before_condition"": ""lacking"", ""after_condition"": ""good"", ""improvement_pct"": 61.08}","{""urban"": 53, ""rural"": 62}",2025-12-18 23:00:00,2025-12-18 23:30:00
1af2da0d-101c-49ed-9adc-8ee10c67f094,3bd2221a-1d36-4b34-ad90-7dd91b80ccd7,PC11,2025-11-25,household,youth,36226,15409,3001,13230,1424,70,463,70.98,3.7,2977,32897.32,17045900.59,29,10,8,"{""before_condition"": ""inadequate"", ""after_condition"": ""good"", ""improvement_pct"": 67.52}","{""urban"": 66, ""rural"": 37}",2025-11-25 23:00:00,2025-11-25 23:30:00
d80ca48c-e1fb-47e7-8a24-e9842fb20a5d,4c816ec5-5769-404a-a039-440bf66299b4,PC11,2025-03-13,institution,youth,18906,14671,2746,109,32127,67,262,71.54,4.0,7498,84701.59,21382612.09,46,1,2,"{""before_condition"": ""inadequate"", ""after_condition"": ""excellent"", ""improvement_pct"": 63.37}","{""urban"": 51, ""rural"": 68}",2025-03-13 23:00:00,2025-03-13 23:30:00
326e2350-274a-47e2-b7d7-5f0e9ab3bf92,96210e52-5a44-43e4-8078-dff513b43a9d,PC11,2025-09-24,household,youth,37825,5101,17619,11681,14933,71,462,65.87,4.3,883,35762.35,38184581.12,11,10,15,"{""before_condition"": ""lacking"", ""after_condition"": ""excellent"", ""improvement_pct"": 85.42}","{""urban"": 31, ""rural"": 58}",2025-09-24 23:00:00,2025-09-24 23:30:00
d95cbced-2056-4288-9fc5-c2af1ccf0870,ca579a31-5372-475f-b33f-62e85748cf9b,PC11,2025-04-20,institution,youth,32019,23693,8803,26945,13117,80,291,75.82,3.8,3006,91306.5,676777.24,34,8,10,"{""before_condition"": ""poor"", ""after_condition"": ""improved"", ""improvement_pct"": 64.02}","{""urban"": 59, ""rural"": 55}",2025-04-20 23:00:00,2025-04-20 23:30:00
e0dc8e76-31a3-43cf-be14-02b6d0a1fa10,8018907e-edbb-4b11-9ab0-2076293680e2,PC11,2025-03-17,institution,minorities,28694,12677,14705,21768,555,62,355,82.49,4.9,7356,99818.75,32335415.13,9,5,15,"{""before_condition"": ""inadequate"", ""after_condition"": ""good"", ""improvement_pct"": 68.24}","{""urban"": 37, ""rural"": 39}",2025-03-17 23:00:00,2025-03-17 23:30:00
ea937a76-a20e-49a8-8f37-0359e091b90e,d4b22416-9c1f-446b-8800-dd356fcbd4d1,PC11,2025-02-10,institution,farmers,44674,17144,5708,18467,18923,79,304,84.06,4.1,8846,14541.69,19398458.0,11,1,14,"{""before_condition"": ""poor"", ""after_condition"": ""improved"", ""improvement_pct"": 72.65}","{""urban"": 65, ""rural"": 69}",2025-02-10 23:00:00,2025-02-10 23:30:00
e24d526c-abe4-462d-b415-f74a9c113b45,4c685308-bd17-4e34-a4ec-e9dac9ad7539,PC11,2025-05-11,community,all_citizens,19407,2447,920,28799,23236,95,452,65.82,3.7,3764,39017.58,41642196.77,28,2,5,"{""before_condition"": ""poor"", ""after_condition"": ""good"", ""improvement_pct"": 83.27}","{""urban"": 37, ""rural"": 49}",2025-05-11 23:00:00,2025-05-11 23:30:00
362cae7c-05ef-4e54-96ba-07745ce4f78b,478e1930-14b8-4ebe-880b-b94c1ad7b2d6,PC11,2025-04-30,individual,all_citizens,14030,7717,3908,14215,32618,92,106,88.24,4.9,9710,67908.49,28277450.3,32,2,4,"{""before_condition"": ""inadequate"", ""after_condition"": ""good"", ""improvement_pct"": 79.98}","{""urban"": 41, ""rural"": 59}",2025-04-30 23:00:00,2025-04-30 23:30:00
de45ed0f-7ce3-420e-a1ae-815453ca0afe,0559740b-9e81-422d-a447-1f807854d887,PC11,2025-12-27,institution,youth,19944,15920,10074,7633,13409,92,471,73.55,4.4,2887,28111.15,43068014.41,16,9,20,"{""before_condition"": ""poor"", ""after_condition"": ""excellent"", ""improvement_pct"": 81.08}","{""urban"": 54, ""rural"": 50}",2025-12-27 23:00:00,2025-12-27 23:30:00
077c0365-c3ad-4247-9b5f-7470d1692d40,1905ded0-c548-49a0-89d8-6d461eebe6b6,PC11,2025-03-28,community,sc_st,4111,15988,17012,37244,15851,75,96,84.0,4.2,6324,85225.07,19136554.07,15,2,11,"{""before_condition"": ""poor"", ""after_condition"": ""excellent"", ""improvement_pct"": 82.87}","{""urban"": 62, ""rural"": 55}",2025-03-28 23:00:00,2025-03-28 23:30:00
9db9df6d-e6be-4eec-9e22-d3f6d1fd80f3,47e75b22-77be-45df-89e7-2408d3e9e50e,PC11,2025-04-25,household,women,43715,439,8332,1805,23232,70,382,67.42,3.9,4419,32701.17,19243903.91,39,7,11,"{""before_condition"": ""poor"", ""after_condition"": ""excellent"", ""improvement_pct"": 68.21}","{""urban"": 55, ""rural"": 65}",2025-04-25 23:00:00,2025-04-25 23:30:00
2809f9aa-5760-40ba-8cdf-1968f4328a2f,1f5bc16d-01ea-4e94-8459-eb9ac80a6881,PC11,2025-03-07,household,farmers,31877,14017,13117,28760,15139,82,275,72.39,4.2,2649,70691.35,17578885.78,26,8,7,"{""before_condition"": ""poor"", ""after_condition"": ""good"", ""improvement_pct"": 71.14}","{""urban"": 35, ""rural"": 58}",2025-03-07 23:00:00,2025-03-07 23:30:00
a14de7c5-4ca3-477f-9799-5959344dd845,14ec7a76-fdc0-4a43-b992-43a366e2ff71,PC11,2025-04-13,individual,farmers,38008,454,13392,19956,31532,73,144,64.7,4.1,8172,19606.56,7289104.3,36,6,15,"{""before_condition"": ""lacking"", ""after_condition"": ""good"", ""improvement_pct"": 51.13}","{""urban"": 65, ""rural"": 52}",2025-04-13 23:00:00,2025-04-13 23:30:00
67fd4667-7d9f-4287-a664-29e7d21e1cce,d35f39fd-10da-45ee-8f79-5581083c7833,PC11,2025-09-10,household,sc_st,45745,24755,16427,39699,22526,87,464,81.67,3.6,1194,68280.31,46245573.25,31,7,13,"{""before_condition"": ""poor"", ""after_condition"": ""excellent"", ""improvement_pct"": 68.56}","{""urban"": 42, ""rural"": 61}",2025-09-10 23:00:00,2025-09-10 23:30:00
67bc4b73-82e3-4083-a6a7-8ef20d5ade2a,2e611ef6-cce1-4b5e-94ca-2b59e7b6d102,PC11,2025-08-02,household,all_citizens,7804,7261,3153,6211,16344,79,103,65.07,3.5,6273,45689.18,14109201.55,11,1,19,"{""before_condition"": ""lacking"", ""after_condition"": ""improved"", ""improvement_pct"": 52.42}","{""urban"": 47, ""rural"": 40}",2025-08-02 23:00:00,2025-08-02 23:30:00
aa3f2572-10a4-43d6-8e54-0bb7129b86e4,035dadd7-7b95-4937-850d-934a2bb83dfd,PC11,2025-02-19,institution,youth,3515,18375,1721,9985,31616,92,285,75.36,4.2,5989,26120.07,2201974.22,7,2,12,"{""before_condition"": ""poor"", ""after_condition"": ""excellent"", ""improvement_pct"": 66.68}","{""urban"": 41, ""rural"": 50}",2025-02-19 23:00:00,2025-02-19 23:30:00
b73e7fb4-8df6-4880-b221-44aeeca1020e,6e678f6e-565f-431a-88f3-cea87378ec8a,PC11,2025-07-09,household,women,47662,2438,14417,9834,24006,87,434,85.56,4.3,1192,74815.86,5631080.84,46,1,3,"{""before_condition"": ""lacking"", ""after_condition"": ""improved"", ""improvement_pct"": 70.61}","{""urban"": 65, ""rural"": 32}",2025-07-09 23:00:00,2025-07-09 23:30:00
5c7e1c08-3a2f-4ece-9323-1cd143783eea,29c83b64-b36c-4ed1-b563-4c18aa13f32c,PC11,2025-06-14,institution,minorities,40169,3500,2469,29332,17824,83,426,86.85,3.5,8311,20647.76,34153731.94,17,4,18,"{""before_condition"": ""inadequate"", ""after_condition"": ""improved"", ""improvement_pct"": 88.08}","{""urban"": 46, ""rural"": 59}",2025-06-14 23:00:00,2025-06-14 23:30:00
bb96adb2-437b-43bb-ad05-1cc6e2f763c3,c56230e0-7411-41aa-9a13-ecb837983bb6,PC12,2025-01-09,household,all_citizens,31431,7305,2099,7546,14194,67,438,65.53,4.5,3755,63898.21,795812.86,7,4,2,"{""before_condition"": ""inadequate"", ""after_condition"": ""improved"", ""improvement_pct"": 55.76}","{""urban"": 55, ""rural"": 57}",2025-01-09 23:00:00,2025-01-09 23:30:00
cf688a95-e6a4-4851-b756-2c901eaaca5b,db0d9809-d992-4aa9-85b0-d2ee7f576ee9,PC12,2025-01-05,community,bpl_families,13234,18103,19465,18501,17982,73,124,72.07,5.0,5619,87888.99,39474190.11,48,8,5,"{""before_condition"": ""inadequate"", ""after_condition"": ""good"", ""improvement_pct"": 48.76}","{""urban"": 69, ""rural"": 50}",2025-01-05 23:00:00,2025-01-05 23:30:00
b06a3a64-fef1-45c2-ab6d-60b7661664ae,0864054e-8d2a-42f3-b470-def5944e62c9,PC12,2025-04-19,household,all_citizens,5556,26066,14443,30006,5851,84,386,64.32,3.9,1010,21040.35,12459271.56,10,2,13,"{""before_condition"": ""lacking"", ""after_condition"": ""good"", ""improvement_pct"": 76.72}","{""urban"": 35, ""rural"": 37}",2025-04-19 23:00:00,2025-04-19 23:30:00
be5f37ae-9edc-4016-8116-550f2f5f7b35,dcb501c9-1fc2-4599-abfa-f96433cc6891,PC12,2025-10-26,community,women,40457,25901,18622,21561,18203,86,413,66.55,4.1,3517,46284.91,49743275.79,46,1,20,"{""before_condition"": ""poor"", ""after_condition"": ""improved"", ""improvement_pct"": 53.33}","{""urban"": 60, ""rural"": 46}",2025-10-26 23:00:00,2025-10-26 23:30:00
44ba3611-4e74-4016-b907-ca070ea29b05,f13eecdf-5bea-4c42-92cb-0ba514771ce0,PC12,2025-11-24,community,all_citizens,6806,14656,12245,29634,2246,65,207,78.25,4.4,712,6847.82,1671830.85,5,4,4,"{""before_condition"": ""poor"", ""after_condition"": ""excellent"", ""improvement_pct"": 78.17}","{""urban"": 34, ""rural"": 48}",2025-11-24 23:00:00,2025-11-24 23:30:00
936432b8-d100-44b1-a5c1-ccfbde96c080,aa487b81-0d6a-4ea4-aa29-e59917bbf71b,PC12,2025-08-06,household,sc_st,34964,13064,153,21067,34134,90,185,69.71,4.4,8927,52056.05,36519973.15,35,2,17,"{""before_condition"": ""lacking"", ""after_condition"": ""good"", ""improvement_pct"": 86.52}","{""urban"": 53, ""rural"": 50}",2025-08-06 23:00:00,2025-08-06 23:30:00
87330ee7-32d1-42f8-b26c-096c18d7540d,b11d749b-5d6f-458a-ac40-ef52f16c3cf4,PC12,2025-12-02,household,bpl_families,383,3041,1055,15527,26909,80,133,83.3,4.7,3047,15096.54,8631465.55,39,8,5,"{""before_condition"": ""inadequate"", ""after_condition"": ""improved"", ""improvement_pct"": 64.18}","{""urban"": 34, ""rural"": 49}",2025-12-02 23:00:00,2025-12-02 23:30:00
44f3a2af-2983-4c55-b861-cea6ed958849,fc11fabb-db0c-4ddc-a9cf-f5ee94374799,PC12,2025-12-14,community,youth,2604,21154,10556,39379,7493,87,434,72.13,5.0,5582,17746.13,25402241.4,44,5,5,"{""before_condition"": ""lacking"", ""after_condition"": ""improved"", ""improvement_pct"": 80.87}","{""urban"": 68, ""rural"": 48}",2025-12-14 23:00:00,2025-12-14 23:30:00
cb6d1d8e-d477-4bc7-8e05-f5de9777d7d5,b874d0ab-b3aa-41ba-bd95-9a41603daecf,PC12,2025-11-09,institution,youth,12625,15165,6867,4930,10298,80,23,87.94,4.0,8407,34742.59,34133271.8,7,1,11,"{""before_condition"": ""lacking"", ""after_condition"": ""excellent"", ""improvement_pct"": 59.35}","{""urban"": 35, ""rural"": 53}",2025-11-09 23:00:00,2025-11-09 23:30:00
024d4d27-5fe6-4037-ae18-200e762af663,8df08260-ac75-4230-b0c8-474fef5e8056,PC12,2025-09-26,community,all_citizens,11873,6535,14241,22483,33738,92,389,86.79,3.5,8763,7213.43,42042952.78,46,1,14,"{""before_condition"": ""poor"", ""after_condition"": ""improved"", ""improvement_pct"": 75.92}","{""urban"": 59, ""rural"": 38}",2025-09-26 23:00:00,2025-09-26 23:30:00
59ac6aed-312e-48a6-b3d9-e5a1f25a94e9,fbacb1f9-4bb5-4704-9e67-641e3e2930c3,PC12,2025-08-24,individual,minorities,27594,15872,8036,19915,19076,88,210,73.99,3.7,3752,9219.12,47230826.48,22,4,19,"{""before_condition"": ""inadequate"", ""after_condition"": ""good"", ""improvement_pct"": 60.13}","{""urban"": 70, ""rural"": 52}",2025-08-24 23:00:00,2025-08-24 23:30:00
f10186b8-80a6-4fc3-9ba3-54ec3ced86d1,19a11ae8-f40f-4c46-8e75-b97f420830fb,PC12,2025-10-29,household,all_citizens,37709,7127,12852,20416,16207,62,464,64.36,4.8,866,33105.7,28980617.07,7,5,6,"{""before_condition"": ""poor"", ""after_condition"": ""good"", ""improvement_pct"": 45.61}","{""urban"": 53, ""rural"": 67}",2025-10-29 23:00:00,2025-10-29 23:30:00
1e8477ce-5051-4e81-ba3e-daeb4002d377,8b29f909-c2f4-4644-8232-074354d0eaa6,PC12,2025-03-07,household,youth,6765,13979,14668,6557,8994,69,276,69.67,4.7,2266,27170.32,13223474.42,40,2,10,"{""before_condition"": ""inadequate"", ""after_condition"": ""good"", ""improvement_pct"": 74.2}","{""urban"": 59, ""rural"": 61}",2025-03-07 23:00:00,2025-03-07 23:30:00
db84b7b4-439d-45c1-ad27-1d5c76d7c3bb,1c4a3d78-e670-4164-88f9-e1ab9f1d8f6e,PC12,2025-05-16,household,bpl_families,27918,19361,1316,25332,32390,94,306,66.47,4.2,7313,69038.85,2724115.25,43,6,15,"{""before_condition"": ""inadequate"", ""after_condition"": ""improved"", ""improvement_pct"": 65.37}","{""urban"": 34, ""rural"": 59}",2025-05-16 23:00:00,2025-05-16 23:30:00
5102c6ae-7a44-4b20-8526-0bb93876b316,b89f4c79-c530-45c9-bbf4-efc2b57f0950,PC13,2025-12-04,community,sc_st,30016,988,72,27360,26831,86,410,64.51,4.2,9387,34567.97,20052808.24,13,9,18,"{""before_condition"": ""inadequate"", ""after_condition"": ""excellent"", ""improvement_pct"": 44.83}","{""urban"": 33, ""rural"": 67}",2025-12-04 23:00:00,2025-12-04 23:30:00
c3fda70c-cbb6-43bf-87a8-cbd7451141ad,2b5d8f55-6108-4a9b-88ec-fd21e6fd767a,PC13,2025-06-28,household,minorities,23280,7074,4046,26756,8330,75,419,80.9,4.4,3110,40665.02,40888821.62,24,1,8,"{""before_condition"": ""poor"", ""after_condition"": ""improved"", ""improvement_pct"": 51.65}","{""urban"": 38, ""rural"": 68}",2025-06-28 23:00:00,2025-06-28 23:30:00
00abfbf8-9ea4-4f5a-8e7b-9aeb4c34c4f4,15640cd8-a207-402b-9cb2-5f5d8dde6c62,PC13,2025-06-29,individual,farmers,41391,5621,17690,29834,21379,72,330,84.19,4.2,4549,35049.43,11441069.58,50,2,11,"{""before_condition"": ""poor"", ""after_condition"": ""good"", ""improvement_pct"": 51.44}","{""urban"": 31, ""rural"": 57}",2025-06-29 23:00:00,2025-06-29 23:30:00
00b71ecb-95db-42e2-ace2-c8c2c680ad79,f3b7b211-67a9-457d-8353-278a909160db,PC13,2025-10-07,institution,minorities,4542,5235,9623,16483,29972,71,404,85.73,3.8,272,22526.02,29953868.7,14,6,2,"{""before_condition"": ""poor"", ""after_condition"": ""good"", ""improvement_pct"": 54.82}","{""urban"": 34, ""rural"": 46}",2025-10-07 23:00:00,2025-10-07 23:30:00
14299932-7f73-48aa-b996-3215e67e0c82,75d3a87a-70f9-4a52-ab90-368e9c1aba6d,PC13,2025-07-08,community,all_citizens,41175,12571,5138,32257,12350,64,469,70.51,3.8,3330,60835.35,7976688.49,21,6,14,"{""before_condition"": ""inadequate"", ""after_condition"": ""excellent"", ""improvement_pct"": 83.07}","{""urban"": 49, ""rural"": 42}",2025-07-08 23:00:00,2025-07-08 23:30:00
26f86062-11b7-4b34-9974-c49bc439b5ef,05dd1502-b478-4af9-86bf-200c03dc1f1a,PC13,2025-05-29,institution,minorities,36149,9320,4949,37402,21262,93,481,61.79,4.3,499,27503.48,19531394.9,34,1,11,"{""before_condition"": ""lacking"", ""after_condition"": ""good"", ""improvement_pct"": 51.94}","{""urban"": 57, ""rural"": 58}",2025-05-29 23:00:00,2025-05-29 23:30:00
f60101cd-f3b1-4799-bfea-3613504c0a94,37a01dd5-921f-4863-90f6-3473dfd8d53c,PC13,2025-03-26,individual,all_citizens,47676,8133,18066,22263,9611,69,266,60.3,4.3,5225,80770.88,3810549.25,41,1,15,"{""before_condition"": ""poor"", ""after_condition"": ""excellent"", ""improvement_pct"": 74.23}","{""urban"": 58, ""rural"": 39}",2025-03-26 23:00:00,2025-03-26 23:30:00
bbeadb42-574e-405f-a755-cdc9bd45614f,d44e91c0-d418-4b2e-8e7a-f181367afef6,PC13,2025-05-09,household,bpl_families,42503,6483,8056,26606,19666,71,329,78.24,3.9,5118,47435.94,18399495.29,31,1,2,"{""before_condition"": ""lacking"", ""after_condition"": ""excellent"", ""improvement_pct"": 69.14}","{""urban"": 31, ""rural"": 60}",2025-05-09 23:00:00,2025-05-09 23:30:00
f4101410-2556-4c29-90c0-32cd002355a1,99fa367b-19bc-4d99-bf3b-f882e4a29988,PC13,2025-12-09,institution,minorities,43467,20922,18053,18250,9719,70,362,77.5,4.1,7722,68212.27,13234413.13,33,9,18,"{""before_condition"": ""lacking"", ""after_condition"": ""good"", ""improvement_pct"": 57.16}","{""urban"": 53, ""rural"": 62}",2025-12-09 23:00:00,2025-12-09 23:30:00
470f70a4-4f2c-420c-a195-267b0876c6f8,64b3345b-bcc4-41b6-806b-74346f0fedb4,PC13,2025-04-17,household,bpl_families,32450,8899,7885,988,30440,68,337,83.25,3.6,5357,25798.9,39251342.41,5,10,19,"{""before_condition"": ""inadequate"", ""after_condition"": ""excellent"", ""improvement_pct"": 43.45}","{""urban"": 64, ""rural"": 30}",2025-04-17 23:00:00,2025-04-17 23:30:00
649abba7-e92c-4efb-949a-b3c6c60ef8cf,0a771fd6-ebee-4e19-8c26-dd831d02ea88,PC13,2025-08-21,individual,all_citizens,36549,28277,1343,29614,14585,68,133,70.71,5.0,3027,20122.71,1796026.45,42,1,6,"{""before_condition"": ""poor"", ""after_condition"": ""excellent"", ""improvement_pct"": 59.73}","{""urban"": 44, ""rural"": 48}",2025-08-21 23:00:00,2025-08-21 23:30:00
41f6584b-8a50-44d9-b15d-a5b143380a6a,ea5f10f2-edd5-44ac-a0a0-eede5e3407ee,PC13,2025-03-06,household,all_citizens,17644,3146,1623,36407,32464,88,260,63.32,4.9,1040,99356.44,19544075.26,30,2,3,"{""before_condition"": ""poor"", ""after_condition"": ""good"", ""improvement_pct"": 77.58}","{""urban"": 58, ""rural"": 51}",2025-03-06 23:00:00,2025-03-06 23:30:00
92ac4a9d-57cc-4e76-b3ca-15284e9e2a0c,2013582d-9745-427c-a30a-9025a639a7dd,PC13,2025-10-16,institution,sc_st,36742,174,9538,21400,3308,90,148,78.46,4.3,9333,75661.9,9311617.38,29,10,19,"{""before_condition"": ""poor"", ""after_condition"": ""excellent"", ""improvement_pct"": 69.11}","{""urban"": 42, ""rural"": 69}",2025-10-16 23:00:00,2025-10-16 23:30:00
8e8c9920-572e-4793-81c2-26d72bab8b4a,0a32b2d7-f2eb-4828-b52e-e9451ff179be,PC13,2025-09-26,household,sc_st,11738,21064,700,16293,24370,85,175,66.21,4.8,5162,28235.3,8857723.76,41,10,11,"{""before_condition"": ""lacking"", ""after_condition"": ""improved"", ""improvement_pct"": 57.88}","{""urban"": 65, ""rural"": 57}",2025-09-26 23:00:00,2025-09-26 23:30:00
91a484c9-f75b-45c7-b64f-e2dc604bc89a,2e5cec22-27b1-43aa-8c45-6a86e65f2d0e,PC13,2025-12-26,household,sc_st,3442,28533,18428,3736,34101,70,391,84.35,3.9,8015,17830.76,13489350.51,31,2,16,"{""before_condition"": ""poor"", ""after_condition"": ""good"", ""improvement_pct"": 51.7}","{""urban"": 33, ""rural"": 43}",2025-12-26 23:00:00,2025-12-26 23:30:00
8df06161-914e-4c8b-beb3-805c3f30203d,aaf2647c-81bb-4005-9ffc-be4c4d9b7827,PC14,2025-09-03,community,women,42737,19820,9584,12537,24696,76,199,79.71,4.6,5030,11598.47,25980953.66,19,1,14,"{""before_condition"": ""inadequate"", ""after_condition"": ""good"", ""improvement_pct"": 55.72}","{""urban"": 55, ""rural"": 57}",2025-09-03 23:00:00,2025-09-03 23:30:00
fd599819-8c53-48e6-ad07-84fdef403194,d80ed67f-e966-494c-8248-c0d6197743df,PC14,2025-10-29,community,youth,18339,11850,8563,7354,1071,87,336,61.48,4.2,7829,74660.37,35184894.31,46,6,12,"{""before_condition"": ""poor"", ""after_condition"": ""good"", ""improvement_pct"": 74.47}","{""urban"": 41, ""rural"": 30}",2025-10-29 23:00:00,2025-10-29 23:30:00
a0011d72-6d27-4764-86e1-96dbb0740e5c,0d77d3ea-29ab-416d-bf06-d93048434ec8,PC14,2025-12-17,household,minorities,31609,21327,11006,24605,30474,70,172,64.47,3.8,6841,88521.23,19943470.88,18,6,7,"{""before_condition"": ""inadequate"", ""after_condition"": ""improved"", ""improvement_pct"": 61.85}","{""urban"": 50, ""rural"": 58}",2025-12-17 23:00:00,2025-12-17 23:30:00
5db11ab7-74ec-499b-90d6-10be3431b65d,72452a4e-58c6-4173-917d-0fb753ed813d,PC14,2025-02-24,community,sc_st,45090,18202,12796,14206,1642,84,262,75.08,4.0,6841,27466.37,37762081.91,10,9,19,"{""before_condition"": ""lacking"", ""after_condition"": ""excellent"", ""improvement_pct"": 67.08}","{""urban"": 39, ""rural"": 49}",2025-02-24 23:00:00,2025-02-24 23:30:00
d777599a-be21-4d11-9ac2-61f2eaa19e36,8e2cd456-e47a-4320-8d23-0ff5329e98ee,PC14,2025-11-12,community,women,22411,14820,9174,21681,3050,68,182,79.53,3.5,4862,46988.27,32160226.5,40,9,18,"{""before_condition"": ""poor"", ""after_condition"": ""excellent"", ""improvement_pct"": 69.33}","{""urban"": 48, ""rural"": 70}",2025-11-12 23:00:00,2025-11-12 23:30:00
1e38884d-b3f2-46d1-81e9-1b9cca41073d,8ed19c00-8090-45ea-a9fa-fb49df5443bc,PC14,2025-09-23,household,bpl_families,14924,4375,19249,30625,10261,79,138,62.35,4.0,1357,36195.64,30984710.41,24,2,12,"{""before_condition"": ""inadequate"", ""after_condition"": ""good"", ""improvement_pct"": 78.28}","{""urban"": 32, ""rural"": 59}",2025-09-23 23:00:00,2025-09-23 23:30:00
854e69c7-1080-4bf7-b5a3-5e5936de1f87,7d6417a6-4100-4632-9425-34bda754cc65,PC14,2025-11-07,household,farmers,14344,7920,1652,19354,7654,82,107,79.41,4.4,1259,90735.75,25565162.8,46,6,9,"{""before_condition"": ""lacking"", ""after_condition"": ""excellent"", ""improvement_pct"": 55.43}","{""urban"": 62, ""rural"": 36}",2025-11-07 23:00:00,2025-11-07 23:30:00
d0922644-8fb2-4751-8648-44451d1dda81,76fc81fb-78f0-4e8a-a527-8a7650a865d7,PC14,2025-03-03,institution,sc_st,18813,19055,7723,39964,912,73,73,69.42,4.2,4863,67539.57,27421248.85,19,5,17,"{""before_condition"": ""inadequate"", ""after_condition"": ""good"", ""improvement_pct"": 88.26}","{""urban"": 66, ""rural"": 30}",2025-03-03 23:00:00,2025-03-03 23:30:00
90bd63c5-64bb-442e-8ae1-19b31f751f5e,b28a7c24-4dcf-4bbe-bf38-67ae29a4c70d,PC14,2025-06-22,community,all_citizens,15649,6632,15714,28433,26924,69,175,84.9,3.7,1224,45117.94,37021127.3,24,7,13,"{""before_condition"": ""inadequate"", ""after_condition"": ""excellent"", ""improvement_pct"": 66.19}","{""urban"": 40, ""rural"": 40}",2025-06-22 23:00:00,2025-06-22 23:30:00
91727bf1-d62a-4452-8591-8aef80eabe9b,c8eac51e-caa7-477f-bdc8-017be569da7e,PC14,2025-06-03,institution,minorities,24661,11531,7352,7779,30537,60,465,77.83,4.8,3500,54906.62,12610178.75,25,3,9,"{""before_condition"": ""lacking"", ""after_condition"": ""good"", ""improvement_pct"": 84.42}","{""urban"": 45, ""rural"": 48}",2025-06-03 23:00:00,2025-06-03 23:30:00
2e88c4c8-cc7d-4eb6-b140-1ed1e764d227,09dc931e-0f4e-4340-b8dd-40e6684c4eea,PC14,2025-10-16,individual,minorities,19004,17840,3926,22664,23801,61,210,65.32,3.5,893,67993.52,18313582.06,39,8,20,"{""before_condition"": ""poor"", ""after_condition"": ""excellent"", ""improvement_pct"": 62.33}","{""urban"": 41, ""rural"": 34}",2025-10-16 23:00:00,2025-10-16 23:30:00
e6e12d9f-ba20-4de2-b1c2-7a775b358e61,4b2be2bf-c3dc-4b39-b835-46185b656c82,PC14,2025-08-15,institution,all_citizens,5898,23256,18314,12563,32314,83,389,86.29,4.2,152,30067.72,10412869.13,23,8,17,"{""before_condition"": ""inadequate"", ""after_condition"": ""improved"", ""improvement_pct"": 48.0}","{""urban"": 52, ""rural"": 53}",2025-08-15 23:00:00,2025-08-15 23:30:00
a096244d-507f-443c-9771-f846dc6cfc41,bdebbb3e-7bbb-4629-b24a-a20a0c378102,PC14,2025-01-24,institution,youth,20508,25016,5397,14676,5006,70,377,72.64,4.8,3702,67595.75,24817888.88,44,8,5,"{""before_condition"": ""inadequate"", ""after_condition"": ""good"", ""improvement_pct"": 72.83}","{""urban"": 39, ""rural"": 54}",2025-01-24 23:00:00,2025-01-24 23:30:00
5698ab2f-295c-4ff9-9e6f-305060808b53,23b98df1-9391-4def-858a-2b071954e9f6,PC14,2025-03-03,individual,youth,22703,15587,8078,17986,17513,73,266,70.6,4.2,4001,19818.67,13655505.54,47,8,6,"{""before_condition"": ""lacking"", ""after_condition"": ""improved"", ""improvement_pct"": 45.97}","{""urban"": 33, ""rural"": 58}",2025-03-03 23:00:00,2025-03-03 23:30:00
b241d621-c597-4623-b211-c7355f9a0400,9aa55cd8-16fe-4c3b-b3bf-e4703dd2fa95,PC14,2025-07-19,institution,women,27497,8538,16305,35745,2581,63,215,77.84,4.0,1064,33096.79,16820884.08,23,4,8,"{""before_condition"": ""poor"", ""after_condition"": ""excellent"", ""improvement_pct"": 54.45}","{""urban"": 36, ""rural"": 42}",2025-07-19 23:00:00,2025-07-19 23:30:00
d011126f-d5f4-4e84-960f-54e10f27f072,a1b0eb3b-f351-40e2-bb65-3894f4f689c1,PC14,2025-11-23,household,sc_st,16094,8820,3076,12945,30220,86,100,84.65,4.0,8026,56627.76,32226043.06,32,4,17,"{""before_condition"": ""lacking"", ""after_condition"": ""improved"", ""improvement_pct"": 70.32}","{""urban"": 52, ""rural"": 48}",2025-11-23 23:00:00,2025-11-23 23:30:00
9d7a4170-8d9a-41f4-8c6c-51927eaf21d3,2a2ab954-fd1e-4d47-84ee-aa4327566155,PC14,2025-12-19,household,sc_st,23930,9437,10564,34337,24407,68,407,80.8,3.5,2702,95627.61,4952899.28,14,6,12,"{""before_condition"": ""poor"", ""after_condition"": ""improved"", ""improvement_pct"": 66.26}","{""urban"": 31, ""rural"": 50}",2025-12-19 23:00:00,2025-12-19 23:30:00
2777ce6b-0178-4743-90e8-9a2bcaf8a38f,d29e3ebb-17ce-40a3-be31-66ed36213ead,PC14,2025-10-18,individual,women,1563,2596,14434,30378,20700,79,98,81.47,3.7,80,35445.8,937895.11,26,8,8,"{""before_condition"": ""inadequate"", ""after_condition"": ""improved"", ""improvement_pct"": 57.5}","{""urban"": 30, ""rural"": 57}",2025-10-18 23:00:00,2025-10-18 23:30:00
fec3c4d0-0ccc-4efa-b6ba-7f971269442a,a27718d3-6572-41b9-a68a-e50d5634567e,PC15,2025-11-14,individual,bpl_families,17953,23564,9551,4201,9014,80,468,66.86,4.4,9204,6186.21,22828965.77,16,7,9,"{""before_condition"": ""lacking"", ""after_condition"": ""good"", ""improvement_pct"": 66.03}","{""urban"": 46, ""rural"": 38}",2025-11-14 23:00:00,2025-11-14 23:30:00
7f410214-67cc-431a-9dc1-ae2cbe1c3cb3,bd2bb322-b4d0-4d78-bbf2-4955903962d7,PC15,2025-10-15,household,women,26367,13937,15053,13865,28717,74,175,89.64,3.8,9065,44298.2,33537001.31,31,7,3,"{""before_condition"": ""poor"", ""after_condition"": ""good"", ""improvement_pct"": 43.05}","{""urban"": 60, ""rural"": 42}",2025-10-15 23:00:00,2025-10-15 23:30:00
46a6ccd7-3a04-40e4-8299-f49c1b9db8f2,feb4e3af-1411-4656-acee-9cfc32d09913,PC15,2025-09-28,household,youth,40703,6656,7239,12914,32933,61,213,76.73,3.7,5278,93379.64,3051915.14,31,8,4,"{""before_condition"": ""lacking"", ""after_condition"": ""excellent"", ""improvement_pct"": 70.75}","{""urban"": 48, ""rural"": 49}",2025-09-28 23:00:00,2025-09-28 23:30:00
9d393704-7334-42d2-b7d3-8933a56aeceb,2d2afe8b-2870-430f-92f2-3c8ee69c3e1b,PC15,2025-10-29,household,sc_st,14233,9682,18278,29095,641,85,440,79.17,4.9,5463,23276.58,35919207.54,41,4,8,"{""before_condition"": ""lacking"", ""after_condition"": ""improved"", ""improvement_pct"": 61.94}","{""urban"": 57, ""rural"": 30}",2025-10-29 23:00:00,2025-10-29 23:30:00
4e3b1dee-8aa5-429a-9a70-d16a3c49c7d0,1a9d550d-a5f6-4b4a-bbfb-348f444c4342,PC15,2025-07-15,household,bpl_families,16407,26630,8440,32600,17106,60,435,79.6,4.2,5145,74724.57,42358055.36,25,6,20,"{""before_condition"": ""inadequate"", ""after_condition"": ""good"", ""improvement_pct"": 74.18}","{""urban"": 43, ""rural"": 43}",2025-07-15 23:00:00,2025-07-15 23:30:00
6d651bd1-02ec-439f-89b6-6cd987a98f47,a48b027a-140d-449d-a083-6e3e4eefb3e7,PC15,2025-01-21,individual,sc_st,4908,22905,11298,1305,1302,67,288,88.82,4.0,2917,91884.72,11685869.14,44,2,13,"{""before_condition"": ""lacking"", ""after_condition"": ""good"", ""improvement_pct"": 52.18}","{""urban"": 41, ""rural"": 64}",2025-01-21 23:00:00,2025-01-21 23:30:00
e367399c-8169-415f-a0a6-ce56ed015147,9b624787-eb52-45f0-965c-93eb8cb6152b,PC15,2025-09-18,household,youth,27996,18743,8120,11681,9553,85,222,88.35,4.1,3463,46112.13,8491805.21,23,9,4,"{""before_condition"": ""inadequate"", ""after_condition"": ""improved"", ""improvement_pct"": 60.4}","{""urban"": 58, ""rural"": 61}",2025-09-18 23:00:00,2025-09-18 23:30:00
bbb25a8b-5860-4f2c-8d28-200cec66972e,3e77c564-2af8-4a4a-aefc-496a6e98fef1,PC15,2025-01-29,institution,bpl_families,21806,21652,16979,39524,26592,94,492,81.72,4.9,8903,89945.24,23799950.51,49,9,7,"{""before_condition"": ""lacking"", ""after_condition"": ""excellent"", ""improvement_pct"": 68.5}","{""urban"": 45, ""rural"": 69}",2025-01-29 23:00:00,2025-01-29 23:30:00
c8ef7680-78e6-4ca2-abf8-e4cfad85ca21,254d847d-8ac4-4330-88cd-7307ba423d6b,PC15,2025-01-06,household,sc_st,49716,28292,1486,18694,16730,67,95,82.93,3.6,6227,36003.55,3765438.01,33,10,7,"{""before_condition"": ""lacking"", ""after_condition"": ""excellent"", ""improvement_pct"": 55.71}","{""urban"": 34, ""rural"": 31}",2025-01-06 23:00:00,2025-01-06 23:30:00
aafff848-172f-4086-90b3-23edfb4812de,c1d20c90-e2d5-4fa1-b6d5-d3a4b77cfbc8,PC15,2025-02-23,household,farmers,48281,20653,3635,22807,550,93,136,75.14,4.5,1410,63794.05,24573251.96,31,10,15,"{""before_condition"": ""poor"", ""after_condition"": ""good"", ""improvement_pct"": 88.06}","{""urban"": 59, ""rural"": 31}",2025-02-23 23:00:00,2025-02-23 23:30:00
51d24431-3827-4f9d-9729-50fe12c6af94,14c375c1-ff91-42f8-ad0e-6e34a6dbfa21,PC15,2025-04-19,household,minorities,15292,2344,18546,8062,26895,83,331,72.4,4.4,685,44695.72,28907379.41,46,10,6,"{""before_condition"": ""inadequate"", ""after_condition"": ""good"", ""improvement_pct"": 54.05}","{""urban"": 70, ""rural"": 50}",2025-04-19 23:00:00,2025-04-19 23:30:00
6887e361-b6d7-43f1-b8ca-0d028503971c,1e88e3c3-6925-4020-a253-df6f5722eff4,PC15,2025-05-29,household,minorities,13020,14722,17509,14306,13111,85,379,65.81,4.3,914,37478.99,1840023.01,47,5,13,"{""before_condition"": ""inadequate"", ""after_condition"": ""improved"", ""improvement_pct"": 89.16}","{""urban"": 53, ""rural"": 52}",2025-05-29 23:00:00,2025-05-29 23:30:00
38563c41-f5fe-4db9-bdf9-7275d9562da5,d0069490-01f4-4c18-95aa-6d6b7c14bf86,PC15,2025-05-12,institution,all_citizens,44782,12774,17203,32850,24212,91,40,73.01,4.6,6380,13630.34,11364802.45,29,10,2,"{""before_condition"": ""inadequate"", ""after_condition"": ""excellent"", ""improvement_pct"": 79.64}","{""urban"": 37, ""rural"": 42}",2025-05-12 23:00:00,2025-05-12 23:30:00
61a8708f-1f61-4ebb-96af-6199b5431b03,922e3a92-a507-41df-9443-35022d94b4da,PC15,2025-09-17,individual,all_citizens,1750,8035,15578,29070,24530,92,68,71.22,3.9,8442,73003.02,25126788.6,35,5,13,"{""before_condition"": ""lacking"", ""after_condition"": ""good"", ""improvement_pct"": 73.44}","{""urban"": 37, ""rural"": 57}",2025-09-17 23:00:00,2025-09-17 23:30:00
5f5bcd00-32e0-48b4-9070-91569f85f742,34a23569-e7d3-4835-9a50-f96ced2bb992,PC15,2025-06-30,community,bpl_families,20278,3819,18980,28275,34017,92,282,76.94,4.6,5932,33373.61,42200205.08,29,4,9,"{""before_condition"": ""lacking"", ""after_condition"": ""improved"", ""improvement_pct"": 61.35}","{""urban"": 44, ""rural"": 43}",2025-06-30 23:00:00,2025-06-30 23:30:00
42dce719-eea3-4bfb-be4f-1cd30a84f7b2,b396a862-f109-4594-b672-a12bc931973f,PC16,2025-03-19,household,women,655,20806,2320,28595,9236,69,289,87.37,4.7,9751,23985.82,32118228.71,40,7,16,"{""before_condition"": ""lacking"", ""after_condition"": ""excellent"", ""improvement_pct"": 49.17}","{""urban"": 59, ""rural"": 60}",2025-03-19 23:00:00,2025-03-19 23:30:00
8b9cbf67-20b5-42fd-9e22-c125dd226222,1248fa6e-4882-43a4-952f-2dd94336ce61,PC16,2025-09-17,community,women,5329,24737,19831,28523,31476,83,343,63.42,3.7,2550,76164.61,19713536.91,38,1,16,"{""before_condition"": ""lacking"", ""after_condition"": ""improved"", ""improvement_pct"": 63.77}","{""urban"": 34, ""rural"": 45}",2025-09-17 23:00:00,2025-09-17 23:30:00
c3ecb2cb-0240-48ca-8fe2-2a951af1d349,0772de5c-d607-4b27-9989-9bfeb92eb55d,PC16,2025-07-03,institution,youth,49205,4635,17992,1582,33344,84,41,61.62,4.5,4774,94418.19,5190464.51,47,1,20,"{""before_condition"": ""lacking"", ""after_condition"": ""improved"", ""improvement_pct"": 53.17}","{""urban"": 39, ""rural"": 58}",2025-07-03 23:00:00,2025-07-03 23:30:00
3e127d20-0dd5-4f1d-a63d-4e2d484fa235,69b56a82-7060-4830-a7cb-7952d744feb1,PC16,2025-04-01,individual,all_citizens,29686,15031,8810,6650,19008,75,62,69.83,3.6,3383,70151.57,20033274.89,12,8,12,"{""before_condition"": ""lacking"", ""after_condition"": ""improved"", ""improvement_pct"": 89.44}","{""urban"": 52, ""rural"": 35}",2025-04-01 23:00:00,2025-04-01 23:30:00
751e6351-5671-4a3c-85a0-f180e2153acd,7ae8fbad-7c58-48dd-ab3c-88aff48bc622,PC16,2025-02-19,institution,sc_st,42437,16011,2995,28774,724,91,55,70.21,3.5,9620,73877.42,19561709.4,18,10,20,"{""before_condition"": ""poor"", ""after_condition"": ""improved"", ""improvement_pct"": 77.63}","{""urban"": 35, ""rural"": 32}",2025-02-19 23:00:00,2025-02-19 23:30:00
d465b49e-a62b-4282-8e3c-8eaceb963ad0,779e4be6-d81c-4f76-be60-0f985b611e33,PC16,2025-10-24,household,minorities,22370,15976,7989,5001,23015,83,130,79.44,4.2,7573,83512.01,39241615.36,35,8,7,"{""before_condition"": ""inadequate"", ""after_condition"": ""excellent"", ""improvement_pct"": 60.11}","{""urban"": 30, ""rural"": 55}",2025-10-24 23:00:00,2025-10-24 23:30:00
9e3f2a6e-1ac0-4c96-ac2b-a0c64438827f,9246b0da-6fd9-4924-9262-d5b8b554d2c5,PC16,2025-08-13,individual,minorities,9944,17718,7207,27038,3202,79,190,60.52,4.4,8502,85288.72,16339786.76,36,2,4,"{""before_condition"": ""poor"", ""after_condition"": ""good"", ""improvement_pct"": 69.98}","{""urban"": 42, ""rural"": 64}",2025-08-13 23:00:00,2025-08-13 23:30:00
73fb84ac-f8b5-4217-9ea7-36c5b57da40f,543915a2-0424-4f19-8443-82d0a7d13bc9,PC16,2025-12-13,individual,women,43071,29770,4245,34976,9668,70,245,84.43,3.8,2785,10793.96,48076934.09,45,10,11,"{""before_condition"": ""inadequate"", ""after_condition"": ""good"", ""improvement_pct"": 66.77}","{""urban"": 47, ""rural"": 57}",2025-12-13 23:00:00,2025-12-13 23:30:00
92ba8363-f5b8-4c3f-88e7-2640dfc1ea34,2f5c49eb-8ab4-47bf-a5ff-c4168d6b56d4,PC16,2025-03-16,household,farmers,4607,6032,7683,1791,24413,63,151,74.56,3.6,8594,12324.16,4773887.11,6,7,17,"{""before_condition"": ""inadequate"", ""after_condition"": ""improved"", ""improvement_pct"": 62.81}","{""urban"": 41, ""rural"": 38}",2025-03-16 23:00:00,2025-03-16 23:30:00
7db89e43-5833-45d8-9886-dc32013b51e4,6a4751a4-b234-4fb4-9e00-02cd77c830e0,PC16,2025-09-28,household,youth,15435,10368,1286,10266,19566,92,225,61.86,3.8,9723,67872.19,35530006.29,34,10,19,"{""before_condition"": ""lacking"", ""after_condition"": ""improved"", ""improvement_pct"": 85.47}","{""urban"": 35, ""rural"": 66}",2025-09-28 23:00:00,2025-09-28 23:30:00
a0b7cc39-f4c2-4dd1-805a-5d087102964b,8a12cd30-bf13-4218-aedd-d5ee8240ae55,PC16,2025-10-16,individual,all_citizens,35247,11385,15635,24082,7312,86,168,62.19,4.9,4430,46843.69,18541440.01,37,9,18,"{""before_condition"": ""inadequate"", ""after_condition"": ""excellent"", ""improvement_pct"": 87.44}","{""urban"": 54, ""rural"": 30}",2025-10-16 23:00:00,2025-10-16 23:30:00
e2204e95-e4f8-4d3f-a738-5ef04946ef26,cd0298d0-5fb0-4e44-9395-dd331854e10e,PC16,2025-10-11,household,all_citizens,20449,25634,18012,23742,2770,73,500,66.45,4.4,895,75589.77,15927080.11,8,6,10,"{""before_condition"": ""lacking"", ""after_condition"": ""excellent"", ""improvement_pct"": 61.86}","{""urban"": 51, ""rural"": 49}",2025-10-11 23:00:00,2025-10-11 23:30:00
09ea65b0-26e3-4b84-a894-f21358236b4e,41aa7049-c751-431f-926a-3cde73f53044,PC16,2025-08-31,individual,farmers,7120,13197,8366,36307,4182,68,350,60.01,4.8,9667,42374.15,17297982.39,7,6,15,"{""before_condition"": ""inadequate"", ""after_condition"": ""improved"", ""improvement_pct"": 73.43}","{""urban"": 43, ""rural"": 42}",2025-08-31 23:00:00,2025-08-31 23:30:00
bd426357-94e6-4cc1-a39a-6f626ef2a02b,f712f684-d1e0-4dc8-876b-d02e8ec07932,PC16,2025-05-21,household,minorities,44155,9718,17624,25995,33988,95,69,76.02,4.2,9644,86251.02,5992661.51,9,10,15,"{""before_condition"": ""lacking"", ""after_condition"": ""good"", ""improvement_pct"": 68.36}","{""urban"": 67, ""rural"": 64}",2025-05-21 23:00:00,2025-05-21 23:30:00
30c02dd0-87e8-4602-80fc-5df31b6d75a3,12cbd6d9-6e6e-4e15-b38b-339f4978d981,PC17,2025-02-23,household,youth,24041,22990,3470,26720,33206,74,132,85.45,4.3,259,51278.36,18923287.8,21,4,4,"{""before_condition"": ""lacking"", ""after_condition"": ""good"", ""improvement_pct"": 68.23}","{""urban"": 50, ""rural"": 39}",2025-02-23 23:00:00,2025-02-23 23:30:00
36a5fc74-f69e-4e9f-b55f-f802bce8ae09,55b10bf4-22e6-43a7-9fbc-d7ffef01ce3e,PC17,2025-02-18,institution,all_citizens,45878,16704,2124,13271,25884,80,119,87.33,3.9,8446,17277.13,13148176.9,39,3,20,"{""before_condition"": ""inadequate"", ""after_condition"": ""excellent"", ""improvement_pct"": 75.25}","{""urban"": 43, ""rural"": 66}",2025-02-18 23:00:00,2025-02-18 23:30:00
70334178-03d4-4758-a818-261468462335,a39ad8e9-aa51-41dd-b337-c02e10290d03,PC17,2025-07-06,institution,sc_st,27765,4654,13801,7317,23686,64,448,63.06,4.6,9580,9226.5,36850192.67,18,1,13,"{""before_condition"": ""lacking"", ""after_condition"": ""improved"", ""improvement_pct"": 49.22}","{""urban"": 64, ""rural"": 62}",2025-07-06 23:00:00,2025-07-06 23:30:00
9ec7f4b8-5813-4e64-8763-fabf74412fbb,93fa45c3-5508-47a4-aee8-f75400f8d2e6,PC17,2025-06-01,community,all_citizens,34604,5273,8525,32743,7730,90,201,75.92,4.8,4918,83075.3,35497853.8,19,6,2,"{""before_condition"": ""poor"", ""after_condition"": ""improved"", ""improvement_pct"": 86.77}","{""urban"": 64, ""rural"": 39}",2025-06-01 23:00:00,2025-06-01 23:30:00
c683c966-cc6a-46ac-86b1-c5d347b926e0,fe296826-eeaf-4566-82a9-221825bff619,PC17,2025-04-03,individual,minorities,32998,3319,11013,35406,10642,92,210,68.88,4.7,9412,84500.51,47545078.23,42,8,13,"{""before_condition"": ""poor"", ""after_condition"": ""improved"", ""improvement_pct"": 57.91}","{""urban"": 50, ""rural"": 67}",2025-04-03 23:00:00,2025-04-03 23:30:00
21f9d104-372c-48b3-b1a2-b0ef8e089265,5a63360f-e79a-4979-8de5-01935c79d136,PC17,2025-01-26,individual,youth,6399,24481,10779,3702,6097,69,151,75.94,4.3,3997,40213.67,41470410.03,49,6,10,"{""before_condition"": ""lacking"", ""after_condition"": ""improved"", ""improvement_pct"": 84.88}","{""urban"": 49, ""rural"": 45}",2025-01-26 23:00:00,2025-01-26 23:30:00
355aafbf-80c4-4849-9228-9edbf2cd14ec,2672449a-0dbf-4f7a-8f31-ff7bef808398,PC17,2025-01-22,community,all_citizens,41211,11640,5982,39520,29350,72,309,64.28,4.9,2949,13952.91,18301396.18,45,1,17,"{""before_condition"": ""poor"", ""after_condition"": ""excellent"", ""improvement_pct"": 78.88}","{""urban"": 57, ""rural"": 66}",2025-01-22 23:00:00,2025-01-22 23:30:00
4aa318b9-9ede-4c30-998c-74549ae33fc3,77fe837b-aec4-4aae-812f-ca4244dfb3ea,PC17,2025-11-19,individual,sc_st,20732,19869,11904,7296,450,61,227,77.96,4.7,5016,46381.36,30202464.66,13,4,4,"{""before_condition"": ""lacking"", ""after_condition"": ""improved"", ""improvement_pct"": 49.23}","{""urban"": 68, ""rural"": 57}",2025-11-19 23:00:00,2025-11-19 23:30:00
927e674e-1d8f-479a-87e1-6fa4761e2a1f,7ecf7d66-c1c9-4e53-8fcd-da1beffbfe84,PC17,2025-07-25,household,bpl_families,20104,20042,11058,14944,1219,63,155,62.94,4.4,3932,39026.69,36356511.22,15,2,10,"{""before_condition"": ""poor"", ""after_condition"": ""excellent"", ""improvement_pct"": 49.07}","{""urban"": 70, ""rural"": 42}",2025-07-25 23:00:00,2025-07-25 23:30:00
142e9c48-ccc5-4544-80ed-020fcdf14e73,2b7389e7-a2e6-45a0-8ae6-930f1ac43d4d,PC17,2025-02-22,institution,youth,20142,24864,3055,23364,19816,83,107,72.25,3.9,5107,62609.52,1452873.06,38,5,15,"{""before_condition"": ""lacking"", ""after_condition"": ""excellent"", ""improvement_pct"": 84.7}","{""urban"": 45, ""rural"": 42}",2025-02-22 23:00:00,2025-02-22 23:30:00
e7284e88-249c-4d7c-8a2d-75a02e4e4fa9,4d6a88ba-9226-406e-b5ba-fe3775917f53,PC17,2025-08-17,household,sc_st,10608,27740,10005,2014,14552,91,276,89.94,4.1,8161,72528.26,6928573.48,41,2,7,"{""before_condition"": ""inadequate"", ""after_condition"": ""excellent"", ""improvement_pct"": 59.04}","{""urban"": 57, ""rural"": 53}",2025-08-17 23:00:00,2025-08-17 23:30:00
0f00681a-90be-49ad-9874-9ecce64cc602,5aae994d-d4f8-42dd-a05d-1a52b3c17ac6,PC17,2025-01-03,community,farmers,29721,27364,8060,358,11345,68,432,80.39,4.4,6953,95985.51,45595178.55,25,9,12,"{""before_condition"": ""lacking"", ""after_condition"": ""improved"", ""improvement_pct"": 87.82}","{""urban"": 70, ""rural"": 64}",2025-01-03 23:00:00,2025-01-03 23:30:00
720bf26d-d1ad-4572-8c16-b388d3cec175,05003fbd-b465-4e8e-8e81-8684d1069951,PC17,2025-09-06,community,women,48220,16043,5899,20315,893,85,250,74.52,4.3,1172,88088.89,9993784.17,33,2,3,"{""before_condition"": ""lacking"", ""after_condition"": ""good"", ""improvement_pct"": 49.49}","{""urban"": 50, ""rural"": 37}",2025-09-06 23:00:00,2025-09-06 23:30:00
a49c0120-1191-4f07-b758-eaa1f7b5ba91,bf9083f3-d5a5-422e-acbd-3abf229057b1,PC17,2025-04-01,individual,farmers,30159,21551,1232,18937,23596,70,132,87.82,5.0,9143,42979.36,13115612.19,11,4,5,"{""before_condition"": ""lacking"", ""after_condition"": ""good"", ""improvement_pct"": 81.12}","{""urban"": 70, ""rural"": 52}",2025-04-01 23:00:00,2025-04-01 23:30:00
9f9f370b-6e86-4d0a-a27a-24c2657be6ed,87135a11-3c58-4445-a310-cc9d37b7d048,PC17,2025-01-21,household,all_citizens,26968,18919,1942,4918,22433,81,470,88.63,4.5,2771,85033.45,22744093.27,50,1,16,"{""before_condition"": ""lacking"", ""after_condition"": ""improved"", ""improvement_pct"": 51.34}","{""urban"": 59, ""rural"": 65}",2025-01-21 23:00:00,2025-01-21 23:30:00
17617089-7361-40e9-a068-9c6075fe1daa,037592db-c79e-403e-94bc-5101592a4d68,PC17,2025-08-01,community,bpl_families,12578,29112,5903,38605,27301,78,416,73.58,3.9,7112,27931.03,12849359.75,38,6,9,"{""before_condition"": ""lacking"", ""after_condition"": ""excellent"", ""improvement_pct"": 74.55}","{""urban"": 57, ""rural"": 42}",2025-08-01 23:00:00,2025-08-01 23:30:00
90078da3-8da6-4dd0-a6fd-d63835ecd33c,313da099-44cf-4bc4-8c7f-e3b99b17d1f4,PC17,2025-12-02,institution,all_citizens,49478,24107,11764,38862,3743,72,42,65.56,4.6,7199,15510.7,18201911.39,22,7,13,"{""before_condition"": ""inadequate"", ""after_condition"": ""good"", ""improvement_pct"": 82.56}","{""urban"": 67, ""rural"": 64}",2025-12-02 23:00:00,2025-12-02 23:30:00
961b05dc-8f27-477b-a3da-137d798125f9,e85c5ed1-d897-41c2-9ae7-96c3ff9e86f7,PC17,2025-05-15,community,all_citizens,20127,5795,2678,17351,21724,62,232,72.51,3.6,1026,40422.06,13148378.84,24,3,14,"{""before_condition"": ""inadequate"", ""after_condition"": ""good"", ""improvement_pct"": 74.28}","{""urban"": 30, ""rural"": 62}",2025-05-15 23:00:00,2025-05-15 23:30:00
660f33c1-dc04-4456-9581-dddba25ad3dc,c79cd8d0-a9eb-4b04-8a51-f7807445c640,PC17,2025-03-25,individual,farmers,14403,873,15361,38708,9518,76,133,67.32,4.2,2624,58895.84,43235039.98,29,3,17,"{""before_condition"": ""inadequate"", ""after_condition"": ""good"", ""improvement_pct"": 54.3}","{""urban"": 70, ""rural"": 35}",2025-03-25 23:00:00,2025-03-25 23:30:00
13091ee3-0e46-4a35-ba7a-765837602609,ff8b7306-0f87-46fa-9eb8-f65b42b86915,PC17,2025-10-05,household,sc_st,32804,25180,12444,32290,23725,80,138,75.9,4.6,9887,36394.51,41971612.65,14,10,13,"{""before_condition"": ""poor"", ""after_condition"": ""excellent"", ""improvement_pct"": 60.55}","{""urban"": 39, ""rural"": 62}",2025-10-05 23:00:00,2025-10-05 23:30:00
